2023.0,3.0,23.0,14.0,39.0,36.0,600000017.0,48.780969511338824,11.475530699227344
2023.0,3.0,23.0,14.0,39.0,36.0,700000017.0,48.78096951421331,11.47553071659781
2023.0,3.0,23.0,14.0,39.0,36.0,800000017.0,48.78096950457917,11.475530741673003
2023.0,3.0,23.0,14.0,39.0,36.0,900000017.0,48.780969535305545,11.475530730750284
2023.0,3.0,23.0,14.0,39.0,37.0,17.0,48.78096951079742,11.475530741976117
2023.0,3.0,23.0,14.0,39.0,37.0,100000017.0,48.78096952316558,11.475530751620068
2023.0,3.0,23.0,14.0,39.0,37.0,200000017.0,48.780969504120165,11.475530779093113
2023.0,3.0,23.0,14.0,39.0,37.0,300000017.0,48.78096951066978,11.475530779437001
2023.0,3.0,23.0,14.0,39.0,37.0,400000017.0,48.78096949146497,11.47553079860189
2023.0,3.0,23.0,14.0,39.0,37.0,500000018.0,48.78096949692382,11.47553082323575
2023.0,3.0,23.0,14.0,39.0,37.0,600000018.0,48.78096942962409,11.475530834176189
2023.0,3.0,23.0,14.0,39.0,37.0,700000019.0,48.780969427141606,11.47553081680908
2023.0,3.0,23.0,14.0,39.0,37.0,800000019.0,48.780969449627705,11.475530799292867
2023.0,3.0,23.0,14.0,39.0,37.0,900000019.0,48.780969422564986,11.475530849710507
2023.0,3.0,23.0,14.0,39.0,38.0,19.0,48.78096943499618,11.475530829090676
2023.0,3.0,23.0,14.0,39.0,38.0,100000020.0,48.78096945841647,11.475530802297024
2023.0,3.0,23.0,14.0,39.0,38.0,200000020.0,48.78096946230064,11.475530774218582
2023.0,3.0,23.0,14.0,39.0,38.0,300000020.0,48.7809694143655,11.47553081686853
2023.0,3.0,23.0,14.0,39.0,38.0,400000020.0,48.78096941372355,11.475530818804806
2023.0,3.0,23.0,14.0,39.0,38.0,500000021.0,48.78096934611785,11.475530848626956
2023.0,3.0,23.0,14.0,39.0,38.0,600000021.0,48.780969289637675,11.475530835390424
2023.0,3.0,23.0,14.0,39.0,38.0,700000021.0,48.78096930581452,11.475530799187668
2023.0,3.0,23.0,14.0,39.0,38.0,800000021.0,48.78096933809473,11.475530747694258
2023.0,3.0,23.0,14.0,39.0,38.0,900000020.0,48.78096931101174,11.475530715371788
2023.0,3.0,23.0,14.0,39.0,39.0,20.0,48.78096930307459,11.475530716007796
2023.0,3.0,23.0,14.0,39.0,39.0,100000020.0,48.78096929980221,11.475530683715935
2023.0,3.0,23.0,14.0,39.0,39.0,200000020.0,48.78096930304724,11.475530690159346
2023.0,3.0,23.0,14.0,39.0,39.0,300000020.0,48.780969316054524,11.475530642835826
2023.0,3.0,23.0,14.0,39.0,39.0,400000020.0,48.78096936272028,11.475530691795282
2023.0,3.0,23.0,14.0,39.0,39.0,500000020.0,48.780969311963865,11.475530713600161
2023.0,3.0,23.0,14.0,39.0,39.0,600000020.0,48.780969312705494,11.475530706687785
2023.0,3.0,23.0,14.0,39.0,39.0,700000020.0,48.78096933443823,11.475530703069595
2023.0,3.0,23.0,14.0,39.0,39.0,800000023.0,48.780969343927886,11.475530715381037
2023.0,3.0,23.0,14.0,39.0,39.0,900000024.0,48.780969346590496,11.475530659899304
2023.0,3.0,23.0,14.0,39.0,40.0,24.0,48.78096935069938,11.475530655318405
2023.0,3.0,23.0,14.0,39.0,40.0,100000024.0,48.780969334921174,11.47553070736241
2023.0,3.0,23.0,14.0,39.0,40.0,200000024.0,48.7809693464433,11.475530694431322
2023.0,3.0,23.0,14.0,39.0,40.0,300000025.0,48.7809693418663,11.475530664049655
2023.0,3.0,23.0,14.0,39.0,40.0,400000025.0,48.78096934200829,11.475530684608795
2023.0,3.0,23.0,14.0,39.0,40.0,500000025.0,48.78096933603525,11.475530686208382
2023.0,3.0,23.0,14.0,39.0,40.0,600000025.0,48.78096926687383,11.47553068799327
2023.0,3.0,23.0,14.0,39.0,40.0,700000025.0,48.78096928180905,11.475530662856645
2023.0,3.0,23.0,14.0,39.0,40.0,800000025.0,48.78096927537117,11.475530629655063
2023.0,3.0,23.0,14.0,39.0,40.0,900000025.0,48.780969301828314,11.475530638685646
2023.0,3.0,23.0,14.0,39.0,41.0,26.0,48.78096929479999,11.47553066525497
2023.0,3.0,23.0,14.0,39.0,41.0,100000027.0,48.78096929903016,11.475530654986743
2023.0,3.0,23.0,14.0,39.0,41.0,200000027.0,48.7809692964291,11.47553066090241
2023.0,3.0,23.0,14.0,39.0,41.0,300000027.0,48.780969300620896,11.47553067389995
2023.0,3.0,23.0,14.0,39.0,41.0,400000027.0,48.780969282092116,11.475530677678826
2023.0,3.0,23.0,14.0,39.0,41.0,500000027.0,48.78096924285553,11.475530717792017
2023.0,3.0,23.0,14.0,39.0,41.0,600000028.0,48.780969264823796,11.4755306983992
2023.0,3.0,23.0,14.0,39.0,41.0,700000029.0,48.78096925429612,11.475530643636693
2023.0,3.0,23.0,14.0,39.0,41.0,800000029.0,48.78096928693253,11.475530730898031
2023.0,3.0,23.0,14.0,39.0,41.0,900000029.0,48.78096942471763,11.475530738611107
2023.0,3.0,23.0,14.0,39.0,42.0,26.0,48.78096950150745,11.475530739457767
2023.0,3.0,23.0,14.0,39.0,42.0,100000026.0,48.78096947825614,11.475530716732733
2023.0,3.0,23.0,14.0,39.0,42.0,200000025.0,48.78096937551074,11.475530765484285
2023.0,3.0,23.0,14.0,39.0,42.0,300000025.0,48.78096932767304,11.475530778281085
2023.0,3.0,23.0,14.0,39.0,42.0,400000025.0,48.7809692678939,11.475530787192788
2023.0,3.0,23.0,14.0,39.0,42.0,500000025.0,48.78096927991882,11.475530744824377
2023.0,3.0,23.0,14.0,39.0,42.0,600000025.0,48.780969284858465,11.475530709423593
2023.0,3.0,23.0,14.0,39.0,42.0,700000026.0,48.780969339201704,11.475530680319995
2023.0,3.0,23.0,14.0,39.0,42.0,800000026.0,48.78096934732725,11.475530802767384
2023.0,3.0,23.0,14.0,39.0,42.0,900000026.0,48.780969359996675,11.475530837895828
2023.0,3.0,23.0,14.0,39.0,43.0,26.0,48.780969326091096,11.475530821371375
2023.0,3.0,23.0,14.0,39.0,43.0,100000026.0,48.78096933757743,11.475530793869298
2023.0,3.0,23.0,14.0,39.0,43.0,200000026.0,48.780969345954574,11.475530781827919
2023.0,3.0,23.0,14.0,39.0,43.0,300000026.0,48.780969336543734,11.475530786336732
2023.0,3.0,23.0,14.0,39.0,43.0,400000026.0,48.780969369933736,11.475530789247541
2023.0,3.0,23.0,14.0,39.0,43.0,500000026.0,48.780969372229556,11.475530776292688
2023.0,3.0,23.0,14.0,39.0,43.0,600000026.0,48.780969366577324,11.475530784726397
2023.0,3.0,23.0,14.0,39.0,43.0,700000026.0,48.78096937437254,11.47553078586201
2023.0,3.0,23.0,14.0,39.0,43.0,800000026.0,48.78096937358851,11.475530762213705
2023.0,3.0,23.0,14.0,39.0,43.0,900000026.0,48.78096939543126,11.475530758008432
2023.0,3.0,23.0,14.0,39.0,44.0,26.0,48.78096941274106,11.475530760614319
2023.0,3.0,23.0,14.0,39.0,44.0,100000026.0,48.780969461458916,11.475530634236357
2023.0,3.0,23.0,14.0,39.0,44.0,200000026.0,48.78096946320391,11.475530653143998
2023.0,3.0,23.0,14.0,39.0,44.0,300000026.0,48.780969448723425,11.475530696782764
2023.0,3.0,23.0,14.0,39.0,44.0,400000026.0,48.7809694963194,11.475530679497014
2023.0,3.0,23.0,14.0,39.0,44.0,500000026.0,48.78096945939812,11.475530704341562
2023.0,3.0,23.0,14.0,39.0,44.0,600000026.0,48.78096946965969,11.475530747271263
2023.0,3.0,23.0,14.0,39.0,44.0,700000026.0,48.780969464494135,11.47553075194701
2023.0,3.0,23.0,14.0,39.0,44.0,800000026.0,48.780969451309076,11.47553073926934
2023.0,3.0,23.0,14.0,39.0,44.0,900000026.0,48.780969434234756,11.475530741177232
2023.0,3.0,23.0,14.0,39.0,45.0,26.0,48.78096944009688,11.475530720948068
2023.0,3.0,23.0,14.0,39.0,45.0,100000026.0,48.78096944624517,11.475530720156685
2023.0,3.0,23.0,14.0,39.0,45.0,200000026.0,48.78096944611695,11.47553072721896
2023.0,3.0,23.0,14.0,39.0,45.0,300000028.0,48.78096944199376,11.475530745459178
2023.0,3.0,23.0,14.0,39.0,45.0,400000029.0,48.78096946186659,11.475530732506677
2023.0,3.0,23.0,14.0,39.0,45.0,500000029.0,48.780969451457345,11.47553072931807
2023.0,3.0,23.0,14.0,39.0,45.0,600000029.0,48.780969473814956,11.475530695797076
2023.0,3.0,23.0,14.0,39.0,45.0,700000029.0,48.78096946631417,11.475530716254141
2023.0,3.0,23.0,14.0,39.0,45.0,800000029.0,48.78096947491991,11.475530718748615
2023.0,3.0,23.0,14.0,39.0,45.0,900000029.0,48.78096946541617,11.475530751404671
2023.0,3.0,23.0,14.0,39.0,46.0,29.0,48.7809694904464,11.475530736146226
2023.0,3.0,23.0,14.0,39.0,46.0,100000029.0,48.780969464274534,11.475530770983664
2023.0,3.0,23.0,14.0,39.0,46.0,200000029.0,48.780969437669064,11.475530748710096
2023.0,3.0,23.0,14.0,39.0,46.0,300000029.0,48.78096942886929,11.475530740035113
2023.0,3.0,23.0,14.0,39.0,46.0,400000030.0,48.78096944512455,11.475530698559407
2023.0,3.0,23.0,14.0,39.0,46.0,500000030.0,48.780969439925684,11.4755307063413
2023.0,3.0,23.0,14.0,39.0,46.0,600000030.0,48.78096944339555,11.475530716272385
2023.0,3.0,23.0,14.0,39.0,46.0,700000029.0,48.78096945997983,11.475530742925221
2023.0,3.0,23.0,14.0,39.0,46.0,800000030.0,48.78096950617364,11.47553083697561
2023.0,3.0,23.0,14.0,39.0,46.0,900000030.0,48.78096945149493,11.475530622542953
2023.0,3.0,23.0,14.0,39.0,47.0,27.0,48.780969379051726,11.475530634550104
2023.0,3.0,23.0,14.0,39.0,47.0,100000027.0,48.780969459141524,11.475530975450132
2023.0,3.0,23.0,14.0,39.0,47.0,200000027.0,48.78096938183624,11.475530860166582
2023.0,3.0,23.0,14.0,39.0,47.0,300000027.0,48.78096945746163,11.475530770423257
2023.0,3.0,23.0,14.0,39.0,47.0,400000027.0,48.780969463486976,11.475530729324635
2023.0,3.0,23.0,14.0,39.0,47.0,500000027.0,48.78096945634268,11.475530738205045
2023.0,3.0,23.0,14.0,39.0,47.0,600000027.0,48.780969444931785,11.475530770779951
2023.0,3.0,23.0,14.0,39.0,47.0,700000027.0,48.78096943983998,11.475530783054484
2023.0,3.0,23.0,14.0,39.0,47.0,800000027.0,48.780969434375166,11.475530798022037
2023.0,3.0,23.0,14.0,39.0,47.0,900000028.0,48.780969431150815,11.475530786357373
2023.0,3.0,23.0,14.0,39.0,48.0,28.0,48.78096942175097,11.475530801859211
2023.0,3.0,23.0,14.0,39.0,48.0,100000028.0,48.78096942425464,11.475530798977793
2023.0,3.0,23.0,14.0,39.0,48.0,200000028.0,48.7809694361761,11.475530782221634
2023.0,3.0,23.0,14.0,39.0,48.0,300000028.0,48.780969425955114,11.475530793357853
2023.0,3.0,23.0,14.0,39.0,48.0,400000028.0,48.780969420697275,11.475530810175222
2023.0,3.0,23.0,14.0,39.0,48.0,500000028.0,48.78096943235897,11.475530828975781
2023.0,3.0,23.0,14.0,39.0,48.0,600000028.0,48.780969442555175,11.47553081053218
2023.0,3.0,23.0,14.0,39.0,48.0,700000028.0,48.780969434926384,11.475530809360516
2023.0,3.0,23.0,14.0,39.0,48.0,800000028.0,48.78096943587602,11.475530822983671
2023.0,3.0,23.0,14.0,39.0,48.0,900000028.0,48.780969438508215,11.475530834708609
2023.0,3.0,23.0,14.0,39.0,49.0,28.0,48.78096943167607,11.475530820548528
2023.0,3.0,23.0,14.0,39.0,49.0,100000028.0,48.78096943555552,11.47553081499207
2023.0,3.0,23.0,14.0,39.0,49.0,200000028.0,48.78096944957573,11.475530820967867
2023.0,3.0,23.0,14.0,39.0,49.0,300000028.0,48.780969436583156,11.475530834159931
2023.0,3.0,23.0,14.0,39.0,49.0,400000028.0,48.78096941308695,11.475530816832276
2023.0,3.0,23.0,14.0,39.0,49.0,500000028.0,48.780969406340375,11.475530815888364
2023.0,3.0,23.0,14.0,39.0,49.0,600000028.0,48.780969410892304,11.475530824571777
2023.0,3.0,23.0,14.0,39.0,49.0,700000028.0,48.780969425656515,11.475530807657318
2023.0,3.0,23.0,14.0,39.0,49.0,800000028.0,48.78096942994385,11.475530771688591
2023.0,3.0,23.0,14.0,39.0,49.0,900000028.0,48.78096944833298,11.475530770056343
2023.0,3.0,23.0,14.0,39.0,50.0,28.0,48.78096946752642,11.475530764694179
2023.0,3.0,23.0,14.0,39.0,50.0,100000028.0,48.78096943638101,11.475530843479529
2023.0,3.0,23.0,14.0,39.0,50.0,200000028.0,48.78096940247977,11.475530834663637
2023.0,3.0,23.0,14.0,39.0,50.0,300000029.0,48.78096942074801,11.475530846834713
2023.0,3.0,23.0,14.0,39.0,50.0,400000029.0,48.78096942265368,11.475530810509884
2023.0,3.0,23.0,14.0,39.0,50.0,500000029.0,48.780969383447186,11.475530756793543
2023.0,3.0,23.0,14.0,39.0,50.0,600000029.0,48.780969403110774,11.475530731116494
2023.0,3.0,23.0,14.0,39.0,50.0,700000029.0,48.78096941830064,11.475530774891846
2023.0,3.0,23.0,14.0,39.0,50.0,800000029.0,48.780969390120895,11.475530797856004
2023.0,3.0,23.0,14.0,39.0,50.0,900000029.0,48.780969362000974,11.475530805262284
2023.0,3.0,23.0,14.0,39.0,51.0,29.0,48.78096937869354,11.47553074022589
2023.0,3.0,23.0,14.0,39.0,51.0,100000029.0,48.78096940289516,11.475530708220285
2023.0,3.0,23.0,14.0,39.0,51.0,200000029.0,48.780969409005884,11.475530728539686
2023.0,3.0,23.0,14.0,39.0,51.0,300000028.0,48.78096941823629,11.475530697307082
2023.0,3.0,23.0,14.0,39.0,51.0,400000028.0,48.78096941235499,11.47553068751103
2023.0,3.0,23.0,14.0,39.0,51.0,500000028.0,48.78096936677831,11.475530678304773
2023.0,3.0,23.0,14.0,39.0,51.0,600000028.0,48.78096936090434,11.475530663118278
2023.0,3.0,23.0,14.0,39.0,51.0,700000028.0,48.78096934830404,11.475530661933663
2023.0,3.0,23.0,14.0,39.0,51.0,800000028.0,48.7809693462806,11.475530690687272
2023.0,3.0,23.0,14.0,39.0,51.0,900000028.0,48.78096934802526,11.475530648627926
2023.0,3.0,23.0,14.0,39.0,52.0,29.0,48.78096935306405,11.47553068614535
2023.0,3.0,23.0,14.0,39.0,52.0,100000029.0,48.780969346943046,11.47553064018986
2023.0,3.0,23.0,14.0,39.0,52.0,200000029.0,48.780969342689694,11.47553065546657
2023.0,3.0,23.0,14.0,39.0,52.0,300000029.0,48.78096935031122,11.47553066810819
2023.0,3.0,23.0,14.0,39.0,52.0,400000029.0,48.780969346249286,11.475530624245058
2023.0,3.0,23.0,14.0,39.0,52.0,500000029.0,48.78096932648738,11.475530654698375
2023.0,3.0,23.0,14.0,39.0,52.0,600000029.0,48.78096934291204,11.475530664441154
2023.0,3.0,23.0,14.0,39.0,52.0,700000029.0,48.7809693559874,11.475530682615197
2023.0,3.0,23.0,14.0,39.0,52.0,800000029.0,48.78096935208326,11.475530677569282
2023.0,3.0,23.0,14.0,39.0,52.0,900000029.0,48.78096933743953,11.47553068341411
2023.0,3.0,23.0,14.0,39.0,53.0,29.0,48.78096936838945,11.47553071251411
2023.0,3.0,23.0,14.0,39.0,53.0,100000029.0,48.78096937210192,11.475530686179143
2023.0,3.0,23.0,14.0,39.0,53.0,200000029.0,48.780969391397505,11.475530694706928
2023.0,3.0,23.0,14.0,39.0,53.0,300000029.0,48.78096938280814,11.475530678996686
2023.0,3.0,23.0,14.0,39.0,53.0,400000029.0,48.78096939510023,11.475530693701218
2023.0,3.0,23.0,14.0,39.0,53.0,500000029.0,48.78096939839208,11.475530714046279
2023.0,3.0,23.0,14.0,39.0,53.0,600000028.0,48.78096938920427,11.475530696498469
2023.0,3.0,23.0,14.0,39.0,53.0,700000028.0,48.78096939338988,11.47553070483478
2023.0,3.0,23.0,14.0,39.0,53.0,800000028.0,48.78096940135189,11.475530697292887
2023.0,3.0,23.0,14.0,39.0,53.0,900000028.0,48.78096940305356,11.475530681445104
2023.0,3.0,23.0,14.0,39.0,54.0,28.0,48.780969408679475,11.475530667842937
2023.0,3.0,23.0,14.0,39.0,54.0,100000028.0,48.78096940644649,11.475530686464891
2023.0,3.0,23.0,14.0,39.0,54.0,200000028.0,48.78096941323854,11.475530688127568
2023.0,3.0,23.0,14.0,39.0,54.0,300000028.0,48.78096942538615,11.475530702024153
2023.0,3.0,23.0,14.0,39.0,54.0,400000028.0,48.78096941738883,11.475530713807663
2023.0,3.0,23.0,14.0,39.0,54.0,500000028.0,48.78096937728995,11.475530676970118
2023.0,3.0,23.0,14.0,39.0,54.0,600000028.0,48.78096936648201,11.475530687670688
2023.0,3.0,23.0,14.0,39.0,54.0,700000028.0,48.780969368180436,11.475530692650137
2023.0,3.0,23.0,14.0,39.0,54.0,800000028.0,48.78096937588171,11.475530693437436
2023.0,3.0,23.0,14.0,39.0,54.0,900000028.0,48.78096936759141,11.475530703890412
2023.0,3.0,23.0,14.0,39.0,55.0,28.0,48.780969368129114,11.475530696471576
2023.0,3.0,23.0,14.0,39.0,55.0,100000028.0,48.78096935180201,11.475530711938509
2023.0,3.0,23.0,14.0,39.0,55.0,200000027.0,48.7809693332951,11.475530739252832
2023.0,3.0,23.0,14.0,39.0,55.0,300000028.0,48.780969351721,11.475530780619557
2023.0,3.0,23.0,14.0,39.0,55.0,400000028.0,48.78096938379073,11.475530810868912
2023.0,3.0,23.0,14.0,39.0,55.0,500000028.0,48.78096939845613,11.475530860760099
2023.0,3.0,23.0,14.0,39.0,55.0,600000027.0,48.78096943111899,11.47553088959854
2023.0,3.0,23.0,14.0,39.0,55.0,700000027.0,48.78096945970834,11.475530889420995
2023.0,3.0,23.0,14.0,39.0,55.0,800000027.0,48.78096950339289,11.475530856256462
2023.0,3.0,23.0,14.0,39.0,55.0,900000028.0,48.78096947497543,11.47553088461752
2023.0,3.0,23.0,14.0,39.0,56.0,28.0,48.780969484305814,11.47553088885171
2023.0,3.0,23.0,14.0,39.0,56.0,100000028.0,48.780969462551546,11.475530873775606
2023.0,3.0,23.0,14.0,39.0,56.0,200000027.0,48.780969470405665,11.475530874671396
2023.0,3.0,23.0,14.0,39.0,56.0,300000027.0,48.78096948201998,11.475530858994818
2023.0,3.0,23.0,14.0,39.0,56.0,400000028.0,48.78096950678756,11.47553082146494
2023.0,3.0,23.0,14.0,39.0,56.0,500000028.0,48.78096946955237,11.475530849530678
2023.0,3.0,23.0,14.0,39.0,56.0,600000028.0,48.7809695091515,11.47553084872093
2023.0,3.0,23.0,14.0,39.0,56.0,700000028.0,48.780969507155724,11.47553085473795
2023.0,3.0,23.0,14.0,39.0,56.0,800000028.0,48.780969522069455,11.475530848538392
2023.0,3.0,23.0,14.0,39.0,56.0,900000027.0,48.78096951052004,11.475530861504339
2023.0,3.0,23.0,14.0,39.0,57.0,27.0,48.7809695010587,11.475530858888945
2023.0,3.0,23.0,14.0,39.0,57.0,100000027.0,48.78096948439283,11.475530854933734
2023.0,3.0,23.0,14.0,39.0,57.0,200000027.0,48.78096948305429,11.475530840636225
2023.0,3.0,23.0,14.0,39.0,57.0,300000027.0,48.78096946272797,11.47553081692485
2023.0,3.0,23.0,14.0,39.0,57.0,400000026.0,48.78096943911389,11.475530805749974
2023.0,3.0,23.0,14.0,39.0,57.0,500000026.0,48.78096943467572,11.475530790299302
2023.0,3.0,23.0,14.0,39.0,57.0,600000026.0,48.78096945022348,11.475530758295204
2023.0,3.0,23.0,14.0,39.0,57.0,700000026.0,48.78096945655016,11.475530741335339
2023.0,3.0,23.0,14.0,39.0,57.0,800000026.0,48.78096943034503,11.475530739526944
2023.0,3.0,23.0,14.0,39.0,57.0,900000026.0,48.780969373687114,11.475530717144279
2023.0,3.0,23.0,14.0,39.0,58.0,26.0,48.78096939918393,11.47553070775868
2023.0,3.0,23.0,14.0,39.0,58.0,100000026.0,48.78096946168012,11.475530668418843
2023.0,3.0,23.0,14.0,39.0,58.0,200000026.0,48.78096947499619,11.475530656961054
2023.0,3.0,23.0,14.0,39.0,58.0,300000026.0,48.78096947011781,11.475530662566491
2023.0,3.0,23.0,14.0,39.0,58.0,400000026.0,48.780969493515734,11.475530650195697
2023.0,3.0,23.0,14.0,39.0,58.0,500000025.0,48.78096949441689,11.475530674920273
2023.0,3.0,23.0,14.0,39.0,58.0,600000025.0,48.780969523124575,11.475530658629836
2023.0,3.0,23.0,14.0,39.0,58.0,700000025.0,48.78096950490413,11.475530665140903
2023.0,3.0,23.0,14.0,39.0,58.0,800000025.0,48.780969473921125,11.475530679207115
2023.0,3.0,23.0,14.0,39.0,58.0,900000025.0,48.78096945630762,11.475530653607432
2023.0,3.0,23.0,14.0,39.0,59.0,25.0,48.78096947242411,11.475530621207467
2023.0,3.0,23.0,14.0,39.0,59.0,100000025.0,48.78096947513382,11.475530616194634
2023.0,3.0,23.0,14.0,39.0,59.0,200000025.0,48.78096947133936,11.475530653850575
2023.0,3.0,23.0,14.0,39.0,59.0,300000026.0,48.78096945688771,11.475530654008995
2023.0,3.0,23.0,14.0,39.0,59.0,400000026.0,48.780969485006885,11.475530649335086
2023.0,3.0,23.0,14.0,39.0,59.0,500000025.0,48.78096948513325,11.475530662177109
2023.0,3.0,23.0,14.0,39.0,59.0,600000025.0,48.7809694800018,11.475530655043551
2023.0,3.0,23.0,14.0,39.0,59.0,700000026.0,48.780969473717384,11.475530640833322
2023.0,3.0,23.0,14.0,39.0,59.0,800000026.0,48.780969487054094,11.475530628742987
2023.0,3.0,23.0,14.0,39.0,59.0,900000025.0,48.78096943074374,11.47553071654376
2023.0,3.0,23.0,14.0,40.0,0.0,25.0,48.78096943124468,11.475530723061002
2023.0,3.0,23.0,14.0,40.0,0.0,100000026.0,48.780969426304836,11.475530723608529
2023.0,3.0,23.0,14.0,40.0,0.0,200000025.0,48.78096945426227,11.475530706636746
2023.0,3.0,23.0,14.0,40.0,0.0,300000025.0,48.78096945880421,11.475530716765878
2023.0,3.0,23.0,14.0,40.0,0.0,400000025.0,48.78096946355655,11.47553069415804
2023.0,3.0,23.0,14.0,40.0,0.0,500000025.0,48.780969459653946,11.47553071264392
2023.0,3.0,23.0,14.0,40.0,0.0,600000025.0,48.78096946022072,11.475530709267987
2023.0,3.0,23.0,14.0,40.0,0.0,700000025.0,48.78096948349229,11.475530684576075
2023.0,3.0,23.0,14.0,40.0,0.0,800000026.0,48.780969468183905,11.475530703784115
2023.0,3.0,23.0,14.0,40.0,0.0,900000025.0,48.78096948105893,11.475530723020432
2023.0,3.0,23.0,14.0,40.0,1.0,26.0,48.780969509396584,11.475530696440867
2023.0,3.0,23.0,14.0,40.0,1.0,100000025.0,48.780969518517885,11.475530704051234
2023.0,3.0,23.0,14.0,40.0,1.0,200000025.0,48.780969490726655,11.475530749837645
2023.0,3.0,23.0,14.0,40.0,1.0,300000025.0,48.78096951078959,11.47553071813684
2023.0,3.0,23.0,14.0,40.0,1.0,400000025.0,48.780969539674594,11.47553070158309
2023.0,3.0,23.0,14.0,40.0,1.0,500000025.0,48.78096951046147,11.475530717891713
2023.0,3.0,23.0,14.0,40.0,1.0,600000024.0,48.78096953317429,11.475530700439853
2023.0,3.0,23.0,14.0,40.0,1.0,700000024.0,48.78096951745278,11.475530722420228
2023.0,3.0,23.0,14.0,40.0,1.0,800000024.0,48.78096955691966,11.475530733597134
2023.0,3.0,23.0,14.0,40.0,1.0,900000025.0,48.78096949208882,11.475530705319022
2023.0,3.0,23.0,14.0,40.0,2.0,25.0,48.78096945766127,11.47553068744272
2023.0,3.0,23.0,14.0,40.0,2.0,100000024.0,48.780969472838954,11.475530685709849
2023.0,3.0,23.0,14.0,40.0,2.0,200000024.0,48.780969478849755,11.47553069290278
2023.0,3.0,23.0,14.0,40.0,2.0,300000024.0,48.78096945857037,11.47553069184556
2023.0,3.0,23.0,14.0,40.0,2.0,400000024.0,48.78096949009355,11.475530667489464
2023.0,3.0,23.0,14.0,40.0,2.0,500000024.0,48.78096948251621,11.47553068043721
2023.0,3.0,23.0,14.0,40.0,2.0,600000023.0,48.78096945739283,11.475530687458184
2023.0,3.0,23.0,14.0,40.0,2.0,700000024.0,48.78096949451593,11.47553068384543
2023.0,3.0,23.0,14.0,40.0,2.0,800000024.0,48.78096950729411,11.475530709351288
2023.0,3.0,23.0,14.0,40.0,2.0,900000024.0,48.780969467303485,11.475530638831776
2023.0,3.0,23.0,14.0,40.0,3.0,24.0,48.78096943803166,11.47553063333031
2023.0,3.0,23.0,14.0,40.0,3.0,100000023.0,48.78096940023188,11.475530611698089
2023.0,3.0,23.0,14.0,40.0,3.0,200000023.0,48.78096941629658,11.47553060864486
2023.0,3.0,23.0,14.0,40.0,3.0,300000023.0,48.78096944345522,11.475530580802518
2023.0,3.0,23.0,14.0,40.0,3.0,400000023.0,48.78096943332364,11.475530582895775
2023.0,3.0,23.0,14.0,40.0,3.0,500000023.0,48.780969459310654,11.475530627282632
2023.0,3.0,23.0,14.0,40.0,3.0,600000022.0,48.78096945368271,11.47553067974703
2023.0,3.0,23.0,14.0,40.0,3.0,700000022.0,48.78096950682421,11.475530671453795
2023.0,3.0,23.0,14.0,40.0,3.0,800000022.0,48.780969462934756,11.475530676310184
2023.0,3.0,23.0,14.0,40.0,3.0,900000023.0,48.78096944989889,11.475530670812319
2023.0,3.0,23.0,14.0,40.0,4.0,23.0,48.78096944957478,11.475530676174793
2023.0,3.0,23.0,14.0,40.0,4.0,100000023.0,48.78096945335881,11.475530670652144
2023.0,3.0,23.0,14.0,40.0,4.0,200000022.0,48.7809694775322,11.47553067361208
2023.0,3.0,23.0,14.0,40.0,4.0,300000023.0,48.78096948669905,11.475530687550979
2023.0,3.0,23.0,14.0,40.0,4.0,400000023.0,48.78096948576989,11.47553068990858
2023.0,3.0,23.0,14.0,40.0,4.0,500000023.0,48.78096947103214,11.475530708270936
2023.0,3.0,23.0,14.0,40.0,4.0,600000023.0,48.78096948012894,11.475530688249396
2023.0,3.0,23.0,14.0,40.0,4.0,700000023.0,48.78096947133173,11.475530700005656
2023.0,3.0,23.0,14.0,40.0,4.0,800000023.0,48.78096947103806,11.475530691723076
2023.0,3.0,23.0,14.0,40.0,4.0,900000023.0,48.78096947919906,11.475530716445716
2023.0,3.0,23.0,14.0,40.0,5.0,23.0,48.78096946321219,11.475530697614342
2023.0,3.0,23.0,14.0,40.0,5.0,100000023.0,48.78096946390601,11.475530719741409
2023.0,3.0,23.0,14.0,40.0,5.0,200000023.0,48.78096946334339,11.475530689864101
2023.0,3.0,23.0,14.0,40.0,5.0,300000023.0,48.78096946041215,11.475530707159685
2023.0,3.0,23.0,14.0,40.0,5.0,400000023.0,48.78096947197445,11.475530705488996
2023.0,3.0,23.0,14.0,40.0,5.0,500000023.0,48.78096947296573,11.475530701954987
2023.0,3.0,23.0,14.0,40.0,5.0,600000023.0,48.78096946903365,11.475530690665707
2023.0,3.0,23.0,14.0,40.0,5.0,700000023.0,48.780969451553986,11.475530710789107
2023.0,3.0,23.0,14.0,40.0,5.0,800000023.0,48.78096946097281,11.475530699547106
2023.0,3.0,23.0,14.0,40.0,5.0,900000023.0,48.7809694092465,11.475530725376412
2023.0,3.0,23.0,14.0,40.0,6.0,23.0,48.78096940304172,11.475530708556212
2023.0,3.0,23.0,14.0,40.0,6.0,100000023.0,48.780969418013036,11.475530711472638
2023.0,3.0,23.0,14.0,40.0,6.0,200000023.0,48.78096939738573,11.475530700588887
2023.0,3.0,23.0,14.0,40.0,6.0,300000023.0,48.780969414876495,11.475530709903275
2023.0,3.0,23.0,14.0,40.0,6.0,400000023.0,48.78096939083362,11.475530700136769
2023.0,3.0,23.0,14.0,40.0,6.0,500000023.0,48.780969402859704,11.4755306695234
2023.0,3.0,23.0,14.0,40.0,6.0,600000023.0,48.78096940384891,11.475530713572596
2023.0,3.0,23.0,14.0,40.0,6.0,700000023.0,48.78096941762063,11.47553072699287
2023.0,3.0,23.0,14.0,40.0,6.0,800000023.0,48.78096941264902,11.475530746990621
2023.0,3.0,23.0,14.0,40.0,6.0,900000023.0,48.78096941406309,11.475530759679708
2023.0,3.0,23.0,14.0,40.0,7.0,23.0,48.78096941802136,11.475530755784181
2023.0,3.0,23.0,14.0,40.0,7.0,100000023.0,48.78096935023057,11.47553076855797
2023.0,3.0,23.0,14.0,40.0,7.0,200000023.0,48.78096936750124,11.475530719616794
2023.0,3.0,23.0,14.0,40.0,7.0,300000023.0,48.78096936857441,11.47553068239204
2023.0,3.0,23.0,14.0,40.0,7.0,400000023.0,48.78096940342978,11.475530697382936
2023.0,3.0,23.0,14.0,40.0,7.0,500000023.0,48.780969392328004,11.47553079529629
2023.0,3.0,23.0,14.0,40.0,7.0,600000023.0,48.7809693783639,11.475530773967723
2023.0,3.0,23.0,14.0,40.0,7.0,700000023.0,48.78096940253067,11.475530702476178
2023.0,3.0,23.0,14.0,40.0,7.0,800000024.0,48.78096943923536,11.475530718216412
2023.0,3.0,23.0,14.0,40.0,7.0,900000024.0,48.78096946377882,11.475530702233089
2023.0,3.0,23.0,14.0,40.0,8.0,24.0,48.78096942080535,11.475530701349268
2023.0,3.0,23.0,14.0,40.0,8.0,100000024.0,48.78096947099913,11.475530675192813
2023.0,3.0,23.0,14.0,40.0,8.0,200000024.0,48.780969458229315,11.475530694449994
2023.0,3.0,23.0,14.0,40.0,8.0,300000024.0,48.780969441760604,11.475530706549554
2023.0,3.0,23.0,14.0,40.0,8.0,400000024.0,48.78096944714293,11.475530716190661
2023.0,3.0,23.0,14.0,40.0,8.0,500000024.0,48.78096943826873,11.475530736327192
2023.0,3.0,23.0,14.0,40.0,8.0,600000024.0,48.78096945114088,11.475530747304635
2023.0,3.0,23.0,14.0,40.0,8.0,700000024.0,48.780969500562726,11.475530692788638
2023.0,3.0,23.0,14.0,40.0,8.0,800000024.0,48.78096950472586,11.475530698453676
2023.0,3.0,23.0,14.0,40.0,8.0,900000024.0,48.78096951965454,11.475530697989669
2023.0,3.0,23.0,14.0,40.0,9.0,24.0,48.78096951811987,11.475530681512728
2023.0,3.0,23.0,14.0,40.0,9.0,100000024.0,48.780969493992174,11.475530681929708
2023.0,3.0,23.0,14.0,40.0,9.0,200000024.0,48.78096950956664,11.475530704096606
2023.0,3.0,23.0,14.0,40.0,9.0,300000024.0,48.7809695504227,11.47553068906184
2023.0,3.0,23.0,14.0,40.0,9.0,400000025.0,48.78096953192788,11.475530724569252
2023.0,3.0,23.0,14.0,40.0,9.0,500000025.0,48.780969520243296,11.475530725348893
2023.0,3.0,23.0,14.0,40.0,9.0,600000025.0,48.78096949149638,11.475530748750595
2023.0,3.0,23.0,14.0,40.0,9.0,700000025.0,48.78096949529154,11.475530731233519
2023.0,3.0,23.0,14.0,40.0,9.0,800000025.0,48.78096951127178,11.475530723931177
2023.0,3.0,23.0,14.0,40.0,9.0,900000025.0,48.78096953156482,11.475530706336285
2023.0,3.0,23.0,14.0,40.0,10.0,25.0,48.78096951362927,11.47553071953256
2023.0,3.0,23.0,14.0,40.0,10.0,100000025.0,48.78096953363681,11.475530705377077
2023.0,3.0,23.0,14.0,40.0,10.0,200000025.0,48.7809695404823,11.475530723195188
2023.0,3.0,23.0,14.0,40.0,10.0,300000025.0,48.780969548658085,11.47553071486098
2023.0,3.0,23.0,14.0,40.0,10.0,400000025.0,48.78096957285943,11.475530676377117
2023.0,3.0,23.0,14.0,40.0,10.0,500000025.0,48.78096959353869,11.475530646023403
2023.0,3.0,23.0,14.0,40.0,10.0,600000026.0,48.78096957146984,11.4755306665499
2023.0,3.0,23.0,14.0,40.0,10.0,700000025.0,48.780969561438674,11.475530687973402
2023.0,3.0,23.0,14.0,40.0,10.0,800000025.0,48.780969581944866,11.475530666264916
2023.0,3.0,23.0,14.0,40.0,10.0,900000025.0,48.780969602643836,11.475530645128327
2023.0,3.0,23.0,14.0,40.0,11.0,25.0,48.78096964295299,11.47553064374079
2023.0,3.0,23.0,14.0,40.0,11.0,100000025.0,48.78096964494041,11.475530630381503
2023.0,3.0,23.0,14.0,40.0,11.0,200000025.0,48.780969641211485,11.475530699288944
2023.0,3.0,23.0,14.0,40.0,11.0,300000026.0,48.78096967625968,11.4755307793238
2023.0,3.0,23.0,14.0,40.0,11.0,400000026.0,48.780969841442925,11.475530891999945
2023.0,3.0,23.0,14.0,40.0,11.0,500000026.0,48.78097004441383,11.475531084118009
2023.0,3.0,23.0,14.0,40.0,11.0,600000026.0,48.78097026149034,11.475531327360162
2023.0,3.0,23.0,14.0,40.0,11.0,700000026.0,48.78097050020124,11.475531704477953
2023.0,3.0,23.0,14.0,40.0,11.0,800000026.0,48.78097082375889,11.475532027112573
2023.0,3.0,23.0,14.0,40.0,11.0,900000026.0,48.78097110689497,11.47553221248215
2023.0,3.0,23.0,14.0,40.0,12.0,26.0,48.78097143400564,11.475532430757367
2023.0,3.0,23.0,14.0,40.0,12.0,100000026.0,48.7809717883005,11.475532597106115
2023.0,3.0,23.0,14.0,40.0,12.0,200000026.0,48.780972181262825,11.47553289511441
2023.0,3.0,23.0,14.0,40.0,12.0,300000026.0,48.78097262604031,11.475533087874412
2023.0,3.0,23.0,14.0,40.0,12.0,400000026.0,48.78097303029175,11.475533383362178
2023.0,3.0,23.0,14.0,40.0,12.0,500000026.0,48.78097348940547,11.475533643076867
2023.0,3.0,23.0,14.0,40.0,12.0,600000026.0,48.78097400786811,11.475533933209855
2023.0,3.0,23.0,14.0,40.0,12.0,700000026.0,48.78097462819247,11.47553414619031
2023.0,3.0,23.0,14.0,40.0,12.0,800000026.0,48.78097514761562,11.475534401521884
2023.0,3.0,23.0,14.0,40.0,12.0,900000026.0,48.78097566917883,11.475534735110847
2023.0,3.0,23.0,14.0,40.0,13.0,26.0,48.78097616885205,11.475535105324035
2023.0,3.0,23.0,14.0,40.0,13.0,100000026.0,48.78097678468379,11.47553547549271
2023.0,3.0,23.0,14.0,40.0,13.0,200000026.0,48.78097748042739,11.475535895957782
2023.0,3.0,23.0,14.0,40.0,13.0,300000025.0,48.78097809728013,11.475536316933649
2023.0,3.0,23.0,14.0,40.0,13.0,400000025.0,48.78097880867655,11.475536696026605
2023.0,3.0,23.0,14.0,40.0,13.0,500000026.0,48.78097950083333,11.475537150571352
2023.0,3.0,23.0,14.0,40.0,13.0,600000026.0,48.78098018687836,11.475537679070888
2023.0,3.0,23.0,14.0,40.0,13.0,700000026.0,48.78098093001766,11.475538134013103
2023.0,3.0,23.0,14.0,40.0,13.0,800000027.0,48.78098169474649,11.475538561647909
2023.0,3.0,23.0,14.0,40.0,13.0,900000027.0,48.78098247305509,11.475539003154845
2023.0,3.0,23.0,14.0,40.0,14.0,26.0,48.780983313389534,11.475539460212284
2023.0,3.0,23.0,14.0,40.0,14.0,100000026.0,48.78098405155969,11.47553996600004
2023.0,3.0,23.0,14.0,40.0,14.0,200000026.0,48.780984869557074,11.475540384017954
2023.0,3.0,23.0,14.0,40.0,14.0,300000027.0,48.780985685297864,11.475540834757656
2023.0,3.0,23.0,14.0,40.0,14.0,400000028.0,48.78098641913264,11.475541327342574
2023.0,3.0,23.0,14.0,40.0,14.0,500000027.0,48.780987166568146,11.475541776849392
2023.0,3.0,23.0,14.0,40.0,14.0,600000027.0,48.780987964946036,11.475542217641754
2023.0,3.0,23.0,14.0,40.0,14.0,700000027.0,48.78098867626897,11.475542610117422
2023.0,3.0,23.0,14.0,40.0,14.0,800000028.0,48.78098947816399,11.475543068830008
2023.0,3.0,23.0,14.0,40.0,14.0,900000028.0,48.780990190494016,11.475543609251101
2023.0,3.0,23.0,14.0,40.0,15.0,28.0,48.78099095477838,11.475544026192104
2023.0,3.0,23.0,14.0,40.0,15.0,100000028.0,48.780991783355226,11.475544441667004
2023.0,3.0,23.0,14.0,40.0,15.0,200000029.0,48.78099256188026,11.475544953125754
2023.0,3.0,23.0,14.0,40.0,15.0,300000028.0,48.780993396537625,11.475545398024309
2023.0,3.0,23.0,14.0,40.0,15.0,400000029.0,48.78099422139679,11.475545878196419
2023.0,3.0,23.0,14.0,40.0,15.0,500000029.0,48.780994988778254,11.475546308557275
2023.0,3.0,23.0,14.0,40.0,15.0,600000029.0,48.78099574866566,11.475546778853756
2023.0,3.0,23.0,14.0,40.0,15.0,700000029.0,48.78099656151417,11.475547205695301
2023.0,3.0,23.0,14.0,40.0,15.0,800000029.0,48.780997368288524,11.475547650141909
2023.0,3.0,23.0,14.0,40.0,15.0,900000028.0,48.78099816739071,11.47554807692395
2023.0,3.0,23.0,14.0,40.0,16.0,28.0,48.78099897599392,11.47554851802018
2023.0,3.0,23.0,14.0,40.0,16.0,100000028.0,48.780999776533825,11.475548985951644
2023.0,3.0,23.0,14.0,40.0,16.0,200000028.0,48.78100058111495,11.475549350929331
2023.0,3.0,23.0,14.0,40.0,16.0,300000028.0,48.78100141727223,11.475549720245514
2023.0,3.0,23.0,14.0,40.0,16.0,400000028.0,48.78100220584224,11.475550156457485
2023.0,3.0,23.0,14.0,40.0,16.0,500000028.0,48.78100292718155,11.475550573364837
2023.0,3.0,23.0,14.0,40.0,16.0,600000027.0,48.78100379734987,11.475550886309428
2023.0,3.0,23.0,14.0,40.0,16.0,700000026.0,48.781004585469944,11.47555122882047
2023.0,3.0,23.0,14.0,40.0,16.0,800000026.0,48.781005444751315,11.475551503471412
2023.0,3.0,23.0,14.0,40.0,16.0,900000025.0,48.78100630862878,11.475551800660263
2023.0,3.0,23.0,14.0,40.0,17.0,25.0,48.78100715527601,11.475552100743995
2023.0,3.0,23.0,14.0,40.0,17.0,100000025.0,48.781007926363834,11.475552432004024
2023.0,3.0,23.0,14.0,40.0,17.0,200000027.0,48.78100885906019,11.475552641800297
2023.0,3.0,23.0,14.0,40.0,17.0,300000026.0,48.781009736812585,11.475552962193994
2023.0,3.0,23.0,14.0,40.0,17.0,400000026.0,48.7810105937988,11.475553274023206
2023.0,3.0,23.0,14.0,40.0,17.0,500000026.0,48.78101141486641,11.475553610444935
2023.0,3.0,23.0,14.0,40.0,17.0,600000026.0,48.781012244024275,11.475553916732002
2023.0,3.0,23.0,14.0,40.0,17.0,700000026.0,48.78101305327082,11.47555428112653
2023.0,3.0,23.0,14.0,40.0,17.0,800000026.0,48.78101389660236,11.47555464946767
2023.0,3.0,23.0,14.0,40.0,17.0,900000026.0,48.781014724500444,11.475555026379258
2023.0,3.0,23.0,14.0,40.0,18.0,26.0,48.78101553026837,11.475555406593388
2023.0,3.0,23.0,14.0,40.0,18.0,100000026.0,48.78101640643228,11.475555756662962
2023.0,3.0,23.0,14.0,40.0,18.0,200000026.0,48.78101725654276,11.475556218530015
2023.0,3.0,23.0,14.0,40.0,18.0,300000022.0,48.781018085378264,11.47555671617759
2023.0,3.0,23.0,14.0,40.0,18.0,400000021.0,48.78101894898941,11.475557189559895
2023.0,3.0,23.0,14.0,40.0,18.0,500000021.0,48.78101983300957,11.475557676920598
2023.0,3.0,23.0,14.0,40.0,18.0,600000021.0,48.78102077449132,11.475558225979528
2023.0,3.0,23.0,14.0,40.0,18.0,700000021.0,48.78102167633127,11.475558612628248
2023.0,3.0,23.0,14.0,40.0,18.0,800000021.0,48.78102257697297,11.475559146710523
2023.0,3.0,23.0,14.0,40.0,18.0,900000026.0,48.781023502487606,11.475559620679867
2023.0,3.0,23.0,14.0,40.0,19.0,25.0,48.781024510941066,11.475560046222347
2023.0,3.0,23.0,14.0,40.0,19.0,100000025.0,48.781025481367514,11.475560549470025
2023.0,3.0,23.0,14.0,40.0,19.0,200000025.0,48.78102648236038,11.47556107393656
2023.0,3.0,23.0,14.0,40.0,19.0,300000025.0,48.78102748302534,11.475561593852655
2023.0,3.0,23.0,14.0,40.0,19.0,400000025.0,48.78102849079191,11.475562157891334
2023.0,3.0,23.0,14.0,40.0,19.0,500000025.0,48.78102955348615,11.475562680846256
2023.0,3.0,23.0,14.0,40.0,19.0,600000025.0,48.781030581788265,11.47556324580444
2023.0,3.0,23.0,14.0,40.0,19.0,700000025.0,48.78103167817228,11.475563799124359
2023.0,3.0,23.0,14.0,40.0,19.0,800000025.0,48.78103273791864,11.475564397112164
2023.0,3.0,23.0,14.0,40.0,19.0,900000025.0,48.7810337861663,11.475565138490007
2023.0,3.0,23.0,14.0,40.0,20.0,25.0,48.781034852891764,11.47556584777694
2023.0,3.0,23.0,14.0,40.0,20.0,100000025.0,48.781035917962846,11.475566531892532
2023.0,3.0,23.0,14.0,40.0,20.0,200000025.0,48.78103699385943,11.475567304840634
2023.0,3.0,23.0,14.0,40.0,20.0,300000025.0,48.781037986143815,11.475568131678038
2023.0,3.0,23.0,14.0,40.0,20.0,400000025.0,48.78103900264899,11.475568877744024
2023.0,3.0,23.0,14.0,40.0,20.0,500000025.0,48.78104002295009,11.47556968390998
2023.0,3.0,23.0,14.0,40.0,20.0,600000025.0,48.78104103686566,11.475570467781518
2023.0,3.0,23.0,14.0,40.0,20.0,700000025.0,48.78104206497631,11.475571213049506
2023.0,3.0,23.0,14.0,40.0,20.0,800000025.0,48.781043140765895,11.475571906392318
2023.0,3.0,23.0,14.0,40.0,20.0,900000025.0,48.78104417567192,11.475572695043475
2023.0,3.0,23.0,14.0,40.0,21.0,25.0,48.78104520585736,11.475573435808833
2023.0,3.0,23.0,14.0,40.0,21.0,100000025.0,48.7810463083008,11.47557421506223
2023.0,3.0,23.0,14.0,40.0,21.0,200000025.0,48.781047397111,11.475574934855803
2023.0,3.0,23.0,14.0,40.0,21.0,300000024.0,48.78104844970402,11.475575681422228
2023.0,3.0,23.0,14.0,40.0,21.0,400000024.0,48.78104947842013,11.4755763466192
2023.0,3.0,23.0,14.0,40.0,21.0,500000024.0,48.78105052628332,11.475577112432868
2023.0,3.0,23.0,14.0,40.0,21.0,600000023.0,48.78105158234289,11.475577851120917
2023.0,3.0,23.0,14.0,40.0,21.0,700000023.0,48.78105264060677,11.475578536494726
2023.0,3.0,23.0,14.0,40.0,21.0,800000023.0,48.781053647804654,11.475579213627341
2023.0,3.0,23.0,14.0,40.0,21.0,900000022.0,48.78105468658066,11.475579804389916
2023.0,3.0,23.0,14.0,40.0,22.0,22.0,48.781055709409664,11.47558039716107
2023.0,3.0,23.0,14.0,40.0,22.0,100000022.0,48.7810567237592,11.47558086427982
2023.0,3.0,23.0,14.0,40.0,22.0,200000022.0,48.78105777163405,11.475581302289315
2023.0,3.0,23.0,14.0,40.0,22.0,300000022.0,48.78105880523433,11.47558174054606
2023.0,3.0,23.0,14.0,40.0,22.0,400000024.0,48.78105983712075,11.47558213311576
2023.0,3.0,23.0,14.0,40.0,22.0,500000024.0,48.78106090708676,11.47558250815532
2023.0,3.0,23.0,14.0,40.0,22.0,600000024.0,48.78106197102779,11.47558289397916
2023.0,3.0,23.0,14.0,40.0,22.0,700000024.0,48.781063038301895,11.475583243447502
2023.0,3.0,23.0,14.0,40.0,22.0,800000024.0,48.781064101284805,11.475583543533832
2023.0,3.0,23.0,14.0,40.0,22.0,900000025.0,48.781065120652926,11.475583841902566
2023.0,3.0,23.0,14.0,40.0,23.0,25.0,48.78106612911425,11.475583934768508
2023.0,3.0,23.0,14.0,40.0,23.0,100000025.0,48.78106724251551,11.475583882924594
2023.0,3.0,23.0,14.0,40.0,23.0,200000025.0,48.781068326169965,11.47558405257068
2023.0,3.0,23.0,14.0,40.0,23.0,300000025.0,48.781069400305974,11.475584214364167
2023.0,3.0,23.0,14.0,40.0,23.0,400000025.0,48.78107042661034,11.475584392700403
2023.0,3.0,23.0,14.0,40.0,23.0,500000025.0,48.781071434080964,11.475584535161149
2023.0,3.0,23.0,14.0,40.0,23.0,600000025.0,48.781072521426104,11.475584670673934
2023.0,3.0,23.0,14.0,40.0,23.0,700000026.0,48.78107354535869,11.47558496897104
2023.0,3.0,23.0,14.0,40.0,23.0,800000026.0,48.78107455072254,11.475585246258717
2023.0,3.0,23.0,14.0,40.0,23.0,900000025.0,48.78107553387779,11.475585506419913
2023.0,3.0,23.0,14.0,40.0,24.0,25.0,48.78107655984714,11.475585835908168
2023.0,3.0,23.0,14.0,40.0,24.0,100000025.0,48.78107758211573,11.475586209749729
2023.0,3.0,23.0,14.0,40.0,24.0,200000025.0,48.78107862164166,11.475586513010617
2023.0,3.0,23.0,14.0,40.0,24.0,300000025.0,48.781079648105155,11.475586988331356
2023.0,3.0,23.0,14.0,40.0,24.0,400000025.0,48.78108063393106,11.475587471492986
2023.0,3.0,23.0,14.0,40.0,24.0,500000025.0,48.78108166886469,11.47558795638362
2023.0,3.0,23.0,14.0,40.0,24.0,600000024.0,48.78108263763096,11.475588447746752
2023.0,3.0,23.0,14.0,40.0,24.0,700000025.0,48.78108359745403,11.4755889775711
2023.0,3.0,23.0,14.0,40.0,24.0,800000025.0,48.78108454077411,11.475589525067575
2023.0,3.0,23.0,14.0,40.0,24.0,900000024.0,48.78108545217369,11.475590092280795
2023.0,3.0,23.0,14.0,40.0,25.0,24.0,48.78108643139831,11.475590623309765
2023.0,3.0,23.0,14.0,40.0,25.0,100000024.0,48.78108734001134,11.475591246132147
2023.0,3.0,23.0,14.0,40.0,25.0,200000025.0,48.78108824857599,11.475591925349422
2023.0,3.0,23.0,14.0,40.0,25.0,300000025.0,48.78108921917883,11.475592519721895
2023.0,3.0,23.0,14.0,40.0,25.0,400000026.0,48.78109014420494,11.475593235973063
2023.0,3.0,23.0,14.0,40.0,25.0,500000026.0,48.78109101943455,11.475593983262815
2023.0,3.0,23.0,14.0,40.0,25.0,600000026.0,48.781091909214716,11.47559470340302
2023.0,3.0,23.0,14.0,40.0,25.0,700000026.0,48.781092762380865,11.475595445137154
2023.0,3.0,23.0,14.0,40.0,25.0,800000027.0,48.78109359704202,11.475596215615976
2023.0,3.0,23.0,14.0,40.0,25.0,900000027.0,48.781094430754884,11.47559716409071
2023.0,3.0,23.0,14.0,40.0,26.0,27.0,48.78109521152309,11.475597993593672
2023.0,3.0,23.0,14.0,40.0,26.0,100000027.0,48.78109596282175,11.475598772607771
2023.0,3.0,23.0,14.0,40.0,26.0,200000027.0,48.78109669784159,11.475599537822154
2023.0,3.0,23.0,14.0,40.0,26.0,300000027.0,48.78109750888765,11.475600181746914
2023.0,3.0,23.0,14.0,40.0,26.0,400000027.0,48.78109833353044,11.4756008462531
2023.0,3.0,23.0,14.0,40.0,26.0,500000027.0,48.78109916229582,11.47560163593275
2023.0,3.0,23.0,14.0,40.0,26.0,600000027.0,48.78109999971156,11.475602415572755
2023.0,3.0,23.0,14.0,40.0,26.0,700000027.0,48.78110085574257,11.475603156782443
2023.0,3.0,23.0,14.0,40.0,26.0,800000027.0,48.78110172697302,11.47560380003489
2023.0,3.0,23.0,14.0,40.0,26.0,900000027.0,48.78110258612175,11.475604445627415
2023.0,3.0,23.0,14.0,40.0,27.0,27.0,48.78110350673475,11.475605058320037
2023.0,3.0,23.0,14.0,40.0,27.0,100000025.0,48.78110440872406,11.475605622590393
2023.0,3.0,23.0,14.0,40.0,27.0,200000024.0,48.781105255485116,11.475606157895902
2023.0,3.0,23.0,14.0,40.0,27.0,300000024.0,48.78110614084935,11.475606710338122
2023.0,3.0,23.0,14.0,40.0,27.0,400000025.0,48.781107048157224,11.475607229407947
2023.0,3.0,23.0,14.0,40.0,27.0,500000025.0,48.78110795968239,11.47560775480832
2023.0,3.0,23.0,14.0,40.0,27.0,600000025.0,48.78110882060933,11.475608217076903
2023.0,3.0,23.0,14.0,40.0,27.0,700000026.0,48.78110961255045,11.475608712586052
2023.0,3.0,23.0,14.0,40.0,27.0,800000026.0,48.781110426406066,11.475609174746367
2023.0,3.0,23.0,14.0,40.0,27.0,900000026.0,48.781111284521145,11.475609571466014
2023.0,3.0,23.0,14.0,40.0,28.0,25.0,48.78111207851084,11.47561002768752
2023.0,3.0,23.0,14.0,40.0,28.0,100000025.0,48.78111289305198,11.475610405292166
2023.0,3.0,23.0,14.0,40.0,28.0,200000025.0,48.78111372817776,11.47561072838526
2023.0,3.0,23.0,14.0,40.0,28.0,300000025.0,48.781114502373775,11.475611087596182
2023.0,3.0,23.0,14.0,40.0,28.0,400000025.0,48.781115269169746,11.475611466078922
2023.0,3.0,23.0,14.0,40.0,28.0,500000025.0,48.781116084379626,11.475611790616016
2023.0,3.0,23.0,14.0,40.0,28.0,600000025.0,48.78111689720642,11.475612112674824
2023.0,3.0,23.0,14.0,40.0,28.0,700000025.0,48.78111771926518,11.475612369896643
2023.0,3.0,23.0,14.0,40.0,28.0,800000025.0,48.781118523395335,11.475612671390758
2023.0,3.0,23.0,14.0,40.0,28.0,900000025.0,48.78111934125986,11.475612978597784
2023.0,3.0,23.0,14.0,40.0,29.0,25.0,48.781120206643735,11.475613289747114
2023.0,3.0,23.0,14.0,40.0,29.0,100000025.0,48.78112103393354,11.475613696508047
2023.0,3.0,23.0,14.0,40.0,29.0,200000026.0,48.781121915802295,11.475614124486334
2023.0,3.0,23.0,14.0,40.0,29.0,300000026.0,48.781122825002,11.475614538960945
2023.0,3.0,23.0,14.0,40.0,29.0,400000026.0,48.78112372362214,11.47561493401556
2023.0,3.0,23.0,14.0,40.0,29.0,500000026.0,48.781124684334934,11.475615309434566
2023.0,3.0,23.0,14.0,40.0,29.0,600000026.0,48.78112561238047,11.475615815785055
2023.0,3.0,23.0,14.0,40.0,29.0,700000025.0,48.78112652963012,11.475616268898607
2023.0,3.0,23.0,14.0,40.0,29.0,800000024.0,48.78112747375554,11.475616710755036
2023.0,3.0,23.0,14.0,40.0,29.0,900000024.0,48.78112838601647,11.475617200537329
2023.0,3.0,23.0,14.0,40.0,30.0,23.0,48.78112932345179,11.475617673479796
2023.0,3.0,23.0,14.0,40.0,30.0,100000023.0,48.781130262987034,11.475618116922442
2023.0,3.0,23.0,14.0,40.0,30.0,200000022.0,48.781131196686914,11.475618550533905
2023.0,3.0,23.0,14.0,40.0,30.0,300000021.0,48.7811321264238,11.475619066561851
2023.0,3.0,23.0,14.0,40.0,30.0,400000021.0,48.78113308557875,11.475619478457018
2023.0,3.0,23.0,14.0,40.0,30.0,500000020.0,48.78113407863273,11.475619789995742
2023.0,3.0,23.0,14.0,40.0,30.0,600000021.0,48.78113506265124,11.475620199913243
2023.0,3.0,23.0,14.0,40.0,30.0,700000022.0,48.781136033704826,11.475620714628942
2023.0,3.0,23.0,14.0,40.0,30.0,800000023.0,48.78113697964311,11.47562118619288
2023.0,3.0,23.0,14.0,40.0,30.0,900000024.0,48.78113792360084,11.475621669798826
2023.0,3.0,23.0,14.0,40.0,31.0,24.0,48.78113891479302,11.475622132436
2023.0,3.0,23.0,14.0,40.0,31.0,100000023.0,48.78113987177171,11.475622660220758
2023.0,3.0,23.0,14.0,40.0,31.0,200000023.0,48.781140827920275,11.475623158134884
2023.0,3.0,23.0,14.0,40.0,31.0,300000023.0,48.781141827494686,11.475623779546492
2023.0,3.0,23.0,14.0,40.0,31.0,400000023.0,48.78114280240077,11.47562433995042
2023.0,3.0,23.0,14.0,40.0,31.0,500000023.0,48.78114387751413,11.475624933284871
2023.0,3.0,23.0,14.0,40.0,31.0,600000023.0,48.7811448865631,11.475625539452992
2023.0,3.0,23.0,14.0,40.0,31.0,700000023.0,48.781145937876,11.47562620251036
2023.0,3.0,23.0,14.0,40.0,31.0,800000023.0,48.781146986051255,11.475626800702688
2023.0,3.0,23.0,14.0,40.0,31.0,900000023.0,48.78114802776066,11.47562742457028
2023.0,3.0,23.0,14.0,40.0,32.0,23.0,48.78114909145467,11.47562814426466
2023.0,3.0,23.0,14.0,40.0,32.0,100000023.0,48.781150128750056,11.475628758557361
2023.0,3.0,23.0,14.0,40.0,32.0,200000024.0,48.78115117389102,11.475629375533916
2023.0,3.0,23.0,14.0,40.0,32.0,300000024.0,48.78115221976759,11.475630020181804
2023.0,3.0,23.0,14.0,40.0,32.0,400000024.0,48.781153387105064,11.475630573174955
2023.0,3.0,23.0,14.0,40.0,32.0,500000021.0,48.781154482917856,11.475631218680242
2023.0,3.0,23.0,14.0,40.0,32.0,600000021.0,48.78115557608581,11.47563190223451
2023.0,3.0,23.0,14.0,40.0,32.0,700000021.0,48.781156664400655,11.475632520007844
2023.0,3.0,23.0,14.0,40.0,32.0,800000022.0,48.781157746646066,11.475633098780106
2023.0,3.0,23.0,14.0,40.0,32.0,900000022.0,48.78115887596339,11.47563366311849
2023.0,3.0,23.0,14.0,40.0,33.0,23.0,48.78115998313829,11.475634281476415
2023.0,3.0,23.0,14.0,40.0,33.0,100000023.0,48.781161110072716,11.475634765843663
2023.0,3.0,23.0,14.0,40.0,33.0,200000023.0,48.78116224899645,11.47563525612053
2023.0,3.0,23.0,14.0,40.0,33.0,300000023.0,48.78116336923946,11.475635755298708
2023.0,3.0,23.0,14.0,40.0,33.0,400000023.0,48.78116445624453,11.475636299558868
2023.0,3.0,23.0,14.0,40.0,33.0,500000023.0,48.78116558038324,11.475636807693578
2023.0,3.0,23.0,14.0,40.0,33.0,600000023.0,48.781166724223944,11.475637306952876
2023.0,3.0,23.0,14.0,40.0,33.0,700000024.0,48.7811679018949,11.475637736229219
2023.0,3.0,23.0,14.0,40.0,33.0,800000024.0,48.78116901124795,11.475638296242286
2023.0,3.0,23.0,14.0,40.0,33.0,900000023.0,48.781170139603496,11.475638849376661
2023.0,3.0,23.0,14.0,40.0,34.0,23.0,48.781171227707055,11.475639469279791
2023.0,3.0,23.0,14.0,40.0,34.0,100000024.0,48.78117237343639,11.47564004589245
2023.0,3.0,23.0,14.0,40.0,34.0,200000025.0,48.78117351095675,11.475640648758286
2023.0,3.0,23.0,14.0,40.0,34.0,300000024.0,48.78117461366977,11.475641250761074
2023.0,3.0,23.0,14.0,40.0,34.0,400000024.0,48.781175671460446,11.47564189738074
2023.0,3.0,23.0,14.0,40.0,34.0,500000025.0,48.78117680359145,11.475642598655698
2023.0,3.0,23.0,14.0,40.0,34.0,600000025.0,48.78117791616954,11.475643285821722
2023.0,3.0,23.0,14.0,40.0,34.0,700000025.0,48.781179045258526,11.475644076187281
2023.0,3.0,23.0,14.0,40.0,34.0,800000025.0,48.78118012081473,11.475644884929078
2023.0,3.0,23.0,14.0,40.0,34.0,900000025.0,48.78118123198716,11.475645609853387
2023.0,3.0,23.0,14.0,40.0,35.0,25.0,48.78118229608513,11.475646415356527
2023.0,3.0,23.0,14.0,40.0,35.0,100000025.0,48.78118334285238,11.475647231983451
2023.0,3.0,23.0,14.0,40.0,35.0,200000025.0,48.78118443565338,11.475648013283863
2023.0,3.0,23.0,14.0,40.0,35.0,300000023.0,48.78118547053111,11.475648729574772
2023.0,3.0,23.0,14.0,40.0,35.0,400000023.0,48.78118650661959,11.475649401896096
2023.0,3.0,23.0,14.0,40.0,35.0,500000024.0,48.78118758355279,11.475650056722026
2023.0,3.0,23.0,14.0,40.0,35.0,600000025.0,48.78118867869599,11.475650746990146
2023.0,3.0,23.0,14.0,40.0,35.0,700000025.0,48.781189772849174,11.475651372642046
2023.0,3.0,23.0,14.0,40.0,35.0,800000025.0,48.78119085891756,11.475652030110712
2023.0,3.0,23.0,14.0,40.0,35.0,900000025.0,48.78119189228133,11.475652780403896
2023.0,3.0,23.0,14.0,40.0,36.0,25.0,48.7811929247131,11.475653440600285
2023.0,3.0,23.0,14.0,40.0,36.0,100000024.0,48.78119396807437,11.475654112861697
2023.0,3.0,23.0,14.0,40.0,36.0,200000024.0,48.781195014449274,11.475654780086543
2023.0,3.0,23.0,14.0,40.0,36.0,300000024.0,48.78119607468593,11.475655448456035
2023.0,3.0,23.0,14.0,40.0,36.0,400000023.0,48.781197141372715,11.47565608293759
2023.0,3.0,23.0,14.0,40.0,36.0,500000023.0,48.7811981618274,11.475656799554551
2023.0,3.0,23.0,14.0,40.0,36.0,600000023.0,48.78119923350423,11.475657511722032
2023.0,3.0,23.0,14.0,40.0,36.0,700000023.0,48.78120035521238,11.475658207709314
2023.0,3.0,23.0,14.0,40.0,36.0,800000022.0,48.781201479122466,11.475658957540722
2023.0,3.0,23.0,14.0,40.0,36.0,900000022.0,48.781202592868986,11.475659707135733
2023.0,3.0,23.0,14.0,40.0,37.0,22.0,48.78120368656553,11.475660458210244
2023.0,3.0,23.0,14.0,40.0,37.0,100000023.0,48.781204769205196,11.475661265338251
2023.0,3.0,23.0,14.0,40.0,37.0,200000024.0,48.78120589507409,11.475661996495788
2023.0,3.0,23.0,14.0,40.0,37.0,300000024.0,48.78120704038453,11.47566262925552
2023.0,3.0,23.0,14.0,40.0,37.0,400000026.0,48.78120809389391,11.47566337497753
2023.0,3.0,23.0,14.0,40.0,37.0,500000025.0,48.78120927856599,11.47566399971224
2023.0,3.0,23.0,14.0,40.0,37.0,600000025.0,48.78121043173943,11.47566469179183
2023.0,3.0,23.0,14.0,40.0,37.0,700000025.0,48.781211643697425,11.4756653503327
2023.0,3.0,23.0,14.0,40.0,37.0,800000025.0,48.78121286712938,11.475666000101336
2023.0,3.0,23.0,14.0,40.0,37.0,900000025.0,48.78121405630154,11.475666664575648
2023.0,3.0,23.0,14.0,40.0,38.0,24.0,48.78121525367714,11.475667305969788
2023.0,3.0,23.0,14.0,40.0,38.0,100000024.0,48.78121644235833,11.475667917444733
2023.0,3.0,23.0,14.0,40.0,38.0,200000026.0,48.781217638866956,11.475668568392898
2023.0,3.0,23.0,14.0,40.0,38.0,300000026.0,48.78121887416003,11.475669219871943
2023.0,3.0,23.0,14.0,40.0,38.0,400000026.0,48.78122008260967,11.475669903773092
2023.0,3.0,23.0,14.0,40.0,38.0,500000026.0,48.781221360688434,11.475670484399304
2023.0,3.0,23.0,14.0,40.0,38.0,600000025.0,48.78122258326856,11.475671120225382
2023.0,3.0,23.0,14.0,40.0,38.0,700000025.0,48.781223808357396,11.475671865958718
2023.0,3.0,23.0,14.0,40.0,38.0,800000025.0,48.78122505817982,11.47567257206321
2023.0,3.0,23.0,14.0,40.0,38.0,900000024.0,48.78122617296278,11.475673296605509
2023.0,3.0,23.0,14.0,40.0,39.0,25.0,48.781227388101456,11.475673975421147
2023.0,3.0,23.0,14.0,40.0,39.0,100000025.0,48.78122855420987,11.475674683325282
2023.0,3.0,23.0,14.0,40.0,39.0,200000025.0,48.78122974576581,11.475675408802092
2023.0,3.0,23.0,14.0,40.0,39.0,300000025.0,48.78123090823728,11.475676153311829
2023.0,3.0,23.0,14.0,40.0,39.0,400000025.0,48.78123213759954,11.475676815984308
2023.0,3.0,23.0,14.0,40.0,39.0,500000025.0,48.78123328549444,11.47567754096961
2023.0,3.0,23.0,14.0,40.0,39.0,600000024.0,48.78123444074148,11.475678292905124
2023.0,3.0,23.0,14.0,40.0,39.0,700000025.0,48.78123560446501,11.475679024102618
2023.0,3.0,23.0,14.0,40.0,39.0,800000025.0,48.781236778565486,11.475679792009027
2023.0,3.0,23.0,14.0,40.0,39.0,900000025.0,48.78123798025715,11.475680553448825
2023.0,3.0,23.0,14.0,40.0,40.0,27.0,48.78123916534119,11.475681279934033
2023.0,3.0,23.0,14.0,40.0,40.0,100000027.0,48.78124032036655,11.47568208805438
2023.0,3.0,23.0,14.0,40.0,40.0,200000027.0,48.781241519610624,11.475682829871209
2023.0,3.0,23.0,14.0,40.0,40.0,300000027.0,48.78124275184831,11.475683525473158
2023.0,3.0,23.0,14.0,40.0,40.0,400000027.0,48.781243931722926,11.475684152546643
2023.0,3.0,23.0,14.0,40.0,40.0,500000027.0,48.781245220410185,11.475684774150192
2023.0,3.0,23.0,14.0,40.0,40.0,600000027.0,48.781246399615775,11.475685439883318
2023.0,3.0,23.0,14.0,40.0,40.0,700000027.0,48.78124762379911,11.475686047758842
2023.0,3.0,23.0,14.0,40.0,40.0,800000028.0,48.781248815552814,11.475686721474094
2023.0,3.0,23.0,14.0,40.0,40.0,900000027.0,48.7812499275043,11.475687433161452
2023.0,3.0,23.0,14.0,40.0,41.0,29.0,48.78125115694018,11.475688063287544
2023.0,3.0,23.0,14.0,40.0,41.0,100000029.0,48.78125237511594,11.475688746427668
2023.0,3.0,23.0,14.0,40.0,41.0,200000029.0,48.781253565805756,11.475689420693106
2023.0,3.0,23.0,14.0,40.0,41.0,300000029.0,48.78125477187617,11.475690126475492
2023.0,3.0,23.0,14.0,40.0,41.0,400000029.0,48.781255991857144,11.475690793290939
2023.0,3.0,23.0,14.0,40.0,41.0,500000028.0,48.7812572040492,11.475691489923664
2023.0,3.0,23.0,14.0,40.0,41.0,600000028.0,48.78125846587937,11.475692184219016
2023.0,3.0,23.0,14.0,40.0,41.0,700000027.0,48.781259743619444,11.475692899903676
2023.0,3.0,23.0,14.0,40.0,41.0,800000027.0,48.78126094882931,11.475693658647224
2023.0,3.0,23.0,14.0,40.0,41.0,900000027.0,48.781262157554984,11.475694517612656
2023.0,3.0,23.0,14.0,40.0,42.0,27.0,48.78126339793746,11.475695295804409
2023.0,3.0,23.0,14.0,40.0,42.0,100000027.0,48.78126458961751,11.475696065540872
2023.0,3.0,23.0,14.0,40.0,42.0,200000027.0,48.78126578808585,11.475696916684523
2023.0,3.0,23.0,14.0,40.0,42.0,300000027.0,48.781266965580386,11.475697766068729
2023.0,3.0,23.0,14.0,40.0,42.0,400000027.0,48.781268138144604,11.475698518847215
2023.0,3.0,23.0,14.0,40.0,42.0,500000028.0,48.78126935084133,11.47569930943401
2023.0,3.0,23.0,14.0,40.0,42.0,600000028.0,48.78127055658088,11.475700026593557
2023.0,3.0,23.0,14.0,40.0,42.0,700000028.0,48.7812717475683,11.475700795119709
2023.0,3.0,23.0,14.0,40.0,42.0,800000028.0,48.78127291138024,11.475701561841904
2023.0,3.0,23.0,14.0,40.0,42.0,900000028.0,48.78127407701756,11.475702372409527
2023.0,3.0,23.0,14.0,40.0,43.0,29.0,48.781275267512,11.475703022845483
2023.0,3.0,23.0,14.0,40.0,43.0,100000029.0,48.781276516755824,11.475703642017326
2023.0,3.0,23.0,14.0,40.0,43.0,200000031.0,48.78127763405391,11.47570439778566
2023.0,3.0,23.0,14.0,40.0,43.0,300000031.0,48.78127886160867,11.475705156976844
2023.0,3.0,23.0,14.0,40.0,43.0,400000030.0,48.78128001692992,11.475705885009758
2023.0,3.0,23.0,14.0,40.0,43.0,500000030.0,48.78128116781707,11.475706587601788
2023.0,3.0,23.0,14.0,40.0,43.0,600000030.0,48.78128242260548,11.475707188489567
2023.0,3.0,23.0,14.0,40.0,43.0,700000031.0,48.78128362711752,11.475707879644636
2023.0,3.0,23.0,14.0,40.0,43.0,800000031.0,48.78128485631005,11.475708563203588
2023.0,3.0,23.0,14.0,40.0,43.0,900000032.0,48.781286019801335,11.475709254474777
2023.0,3.0,23.0,14.0,40.0,44.0,32.0,48.78128723340672,11.47570992541463
2023.0,3.0,23.0,14.0,40.0,44.0,100000032.0,48.78128843067672,11.475710604140433
2023.0,3.0,23.0,14.0,40.0,44.0,200000032.0,48.781289575759416,11.475711295196223
2023.0,3.0,23.0,14.0,40.0,44.0,300000034.0,48.78129075779564,11.47571190435767
2023.0,3.0,23.0,14.0,40.0,44.0,400000034.0,48.78129192080936,11.475712476173557
2023.0,3.0,23.0,14.0,40.0,44.0,500000034.0,48.7812930825799,11.47571308957413
2023.0,3.0,23.0,14.0,40.0,44.0,600000034.0,48.781294197042456,11.47571368432908
2023.0,3.0,23.0,14.0,40.0,44.0,700000034.0,48.78129530075686,11.475714317116179
2023.0,3.0,23.0,14.0,40.0,44.0,800000034.0,48.781296403781944,11.475714962832969
2023.0,3.0,23.0,14.0,40.0,44.0,900000034.0,48.78129752011338,11.475715517239447
2023.0,3.0,23.0,14.0,40.0,45.0,34.0,48.781298666702234,11.475716010850128
2023.0,3.0,23.0,14.0,40.0,45.0,100000034.0,48.781299831898345,11.475716518685157
2023.0,3.0,23.0,14.0,40.0,45.0,200000035.0,48.78130095158434,11.475717083681714
2023.0,3.0,23.0,14.0,40.0,45.0,300000034.0,48.78130206247066,11.475717685610709
2023.0,3.0,23.0,14.0,40.0,45.0,400000036.0,48.78130317709395,11.475718197419202
2023.0,3.0,23.0,14.0,40.0,45.0,500000036.0,48.78130431342951,11.475718658280226
2023.0,3.0,23.0,14.0,40.0,45.0,600000036.0,48.781305447485956,11.475719176366765
2023.0,3.0,23.0,14.0,40.0,45.0,700000036.0,48.781306547385476,11.475719650022523
2023.0,3.0,23.0,14.0,40.0,45.0,800000036.0,48.78130761622483,11.475720220797312
2023.0,3.0,23.0,14.0,40.0,45.0,900000036.0,48.78130871754814,11.475720788191355
2023.0,3.0,23.0,14.0,40.0,46.0,36.0,48.78130981733949,11.475721326506944
2023.0,3.0,23.0,14.0,40.0,46.0,100000036.0,48.781310939098546,11.47572176670274
2023.0,3.0,23.0,14.0,40.0,46.0,200000036.0,48.781312073390076,11.475722326728524
2023.0,3.0,23.0,14.0,40.0,46.0,300000036.0,48.781313190201736,11.475722890777343
2023.0,3.0,23.0,14.0,40.0,46.0,400000036.0,48.7813143620521,11.475723456221331
2023.0,3.0,23.0,14.0,40.0,46.0,500000037.0,48.7813155677219,11.4757239612064
2023.0,3.0,23.0,14.0,40.0,46.0,600000037.0,48.781316715593434,11.475724548950966
2023.0,3.0,23.0,14.0,40.0,46.0,700000036.0,48.78131792562751,11.47572501853911
2023.0,3.0,23.0,14.0,40.0,46.0,800000036.0,48.781319131817824,11.47572550135606
2023.0,3.0,23.0,14.0,40.0,46.0,900000035.0,48.78132034655258,11.475726021217852
2023.0,3.0,23.0,14.0,40.0,47.0,36.0,48.78132154562536,11.47572645823381
2023.0,3.0,23.0,14.0,40.0,47.0,100000035.0,48.7813227679416,11.475726916534876
2023.0,3.0,23.0,14.0,40.0,47.0,200000035.0,48.78132396471228,11.475727414608006
2023.0,3.0,23.0,14.0,40.0,47.0,300000035.0,48.78132514602907,11.47572790780482
2023.0,3.0,23.0,14.0,40.0,47.0,400000035.0,48.78132631292604,11.475728405510695
2023.0,3.0,23.0,14.0,40.0,47.0,500000035.0,48.78132753542641,11.475728834145754
2023.0,3.0,23.0,14.0,40.0,47.0,600000037.0,48.78132870492157,11.4757293580354
2023.0,3.0,23.0,14.0,40.0,47.0,700000037.0,48.781329873062845,11.475729854708666
2023.0,3.0,23.0,14.0,40.0,47.0,800000038.0,48.781331041132376,11.475730443787217
2023.0,3.0,23.0,14.0,40.0,47.0,900000037.0,48.78133222998898,11.475730947210442
2023.0,3.0,23.0,14.0,40.0,48.0,37.0,48.78133343309592,11.47573155439929
2023.0,3.0,23.0,14.0,40.0,48.0,100000037.0,48.78133465572363,11.475732143617229
2023.0,3.0,23.0,14.0,40.0,48.0,200000037.0,48.781335870531535,11.475732778360312
2023.0,3.0,23.0,14.0,40.0,48.0,300000037.0,48.78133706065907,11.475733435829735
2023.0,3.0,23.0,14.0,40.0,48.0,400000037.0,48.78133823452641,11.47573423417989
2023.0,3.0,23.0,14.0,40.0,48.0,500000037.0,48.781339454490336,11.475735113672348
2023.0,3.0,23.0,14.0,40.0,48.0,600000038.0,48.78134070596977,11.475735957818907
2023.0,3.0,23.0,14.0,40.0,48.0,700000039.0,48.781341945864085,11.475736855796649
2023.0,3.0,23.0,14.0,40.0,48.0,800000039.0,48.781343185081674,11.47573782928871
2023.0,3.0,23.0,14.0,40.0,48.0,900000039.0,48.781344397871955,11.475738819757012
2023.0,3.0,23.0,14.0,40.0,49.0,39.0,48.7813456523489,11.475739820894033
2023.0,3.0,23.0,14.0,40.0,49.0,100000039.0,48.78134689581081,11.475740767878948
2023.0,3.0,23.0,14.0,40.0,49.0,200000039.0,48.78134808117809,11.475741848765393
2023.0,3.0,23.0,14.0,40.0,49.0,300000040.0,48.781349209821855,11.47574299245509
2023.0,3.0,23.0,14.0,40.0,49.0,400000039.0,48.78135033781345,11.475744094263
2023.0,3.0,23.0,14.0,40.0,49.0,500000039.0,48.78135154133796,11.475744996294896
2023.0,3.0,23.0,14.0,40.0,49.0,600000039.0,48.78135273243662,11.475745936805115
2023.0,3.0,23.0,14.0,40.0,49.0,700000039.0,48.78135386095075,11.475747002041176
2023.0,3.0,23.0,14.0,40.0,49.0,800000040.0,48.781354975394486,11.475747983325178
2023.0,3.0,23.0,14.0,40.0,49.0,900000040.0,48.781356146427306,11.475748926843437
2023.0,3.0,23.0,14.0,40.0,50.0,40.0,48.781357274528204,11.475749956458092
2023.0,3.0,23.0,14.0,40.0,50.0,100000040.0,48.781358452677395,11.475750921487705
2023.0,3.0,23.0,14.0,40.0,50.0,200000040.0,48.78135956270233,11.475751940134737
2023.0,3.0,23.0,14.0,40.0,50.0,300000040.0,48.781360694892385,11.475752834317053
2023.0,3.0,23.0,14.0,40.0,50.0,400000040.0,48.78136183063764,11.475753754539237
2023.0,3.0,23.0,14.0,40.0,50.0,500000040.0,48.78136297322107,11.475754667401679
2023.0,3.0,23.0,14.0,40.0,50.0,600000040.0,48.78136415605023,11.475755528336148
2023.0,3.0,23.0,14.0,40.0,50.0,700000040.0,48.78136529916067,11.475756430929511
2023.0,3.0,23.0,14.0,40.0,50.0,800000038.0,48.781366417595265,11.475757340046773
2023.0,3.0,23.0,14.0,40.0,50.0,900000039.0,48.781367589567544,11.475758119085219
2023.0,3.0,23.0,14.0,40.0,51.0,39.0,48.78136877723012,11.475758899516567
2023.0,3.0,23.0,14.0,40.0,51.0,100000039.0,48.78136993243752,11.475759686640185
2023.0,3.0,23.0,14.0,40.0,51.0,200000039.0,48.781371095991624,11.47576042652748
2023.0,3.0,23.0,14.0,40.0,51.0,300000039.0,48.78137229677932,11.475761100827143
2023.0,3.0,23.0,14.0,40.0,51.0,400000039.0,48.78137351661057,11.47576188097213
2023.0,3.0,23.0,14.0,40.0,51.0,500000038.0,48.78137474063968,11.475762553198024
2023.0,3.0,23.0,14.0,40.0,51.0,600000038.0,48.78137594086212,11.475763145612149
2023.0,3.0,23.0,14.0,40.0,51.0,700000037.0,48.781377126291794,11.475763750072833
2023.0,3.0,23.0,14.0,40.0,51.0,800000037.0,48.78137833473155,11.47576432722429
2023.0,3.0,23.0,14.0,40.0,51.0,900000040.0,48.78137957720361,11.475764885493211
2023.0,3.0,23.0,14.0,40.0,52.0,41.0,48.78138071252544,11.475765523641916
2023.0,3.0,23.0,14.0,40.0,52.0,100000042.0,48.78138187228591,11.475766098994677
2023.0,3.0,23.0,14.0,40.0,52.0,200000042.0,48.78138304881489,11.475766614629327
2023.0,3.0,23.0,14.0,40.0,52.0,300000042.0,48.781384181894076,11.475767268295261
2023.0,3.0,23.0,14.0,40.0,52.0,400000042.0,48.78138538954489,11.475767801061556
2023.0,3.0,23.0,14.0,40.0,52.0,500000042.0,48.78138655027484,11.475768362038968
2023.0,3.0,23.0,14.0,40.0,52.0,600000042.0,48.78138770783322,11.475768926815038
2023.0,3.0,23.0,14.0,40.0,52.0,700000042.0,48.78138884732202,11.4757693991814
2023.0,3.0,23.0,14.0,40.0,52.0,800000042.0,48.781389965304676,11.475769978447234
2023.0,3.0,23.0,14.0,40.0,52.0,900000042.0,48.781391133990276,11.475770476050211
2023.0,3.0,23.0,14.0,40.0,53.0,40.0,48.78139225992587,11.475771076928657
2023.0,3.0,23.0,14.0,40.0,53.0,100000040.0,48.78139343992649,11.47577169733309
2023.0,3.0,23.0,14.0,40.0,53.0,200000040.0,48.781394607665455,11.475772367736617
2023.0,3.0,23.0,14.0,40.0,53.0,300000040.0,48.78139577747167,11.475773025776956
2023.0,3.0,23.0,14.0,40.0,53.0,400000039.0,48.78139695704023,11.475773712890923
2023.0,3.0,23.0,14.0,40.0,53.0,500000038.0,48.7813981605194,11.475774369335987
2023.0,3.0,23.0,14.0,40.0,53.0,600000038.0,48.78139933930749,11.4757750462014
2023.0,3.0,23.0,14.0,40.0,53.0,700000037.0,48.781400511409366,11.475775693710453
2023.0,3.0,23.0,14.0,40.0,53.0,800000037.0,48.78140168583572,11.475776366676342
2023.0,3.0,23.0,14.0,40.0,53.0,900000037.0,48.78140284266472,11.47577706385903
2023.0,3.0,23.0,14.0,40.0,54.0,42.0,48.78140399993134,11.475777768997986
2023.0,3.0,23.0,14.0,40.0,54.0,100000041.0,48.78140516596009,11.475778479970415
2023.0,3.0,23.0,14.0,40.0,54.0,200000042.0,48.78140627684477,11.475779132790507
2023.0,3.0,23.0,14.0,40.0,54.0,300000042.0,48.78140741512393,11.475779835946215
2023.0,3.0,23.0,14.0,40.0,54.0,400000042.0,48.78140854720549,11.475780519298183
2023.0,3.0,23.0,14.0,40.0,54.0,500000042.0,48.781409725095095,11.475781140468035
2023.0,3.0,23.0,14.0,40.0,54.0,600000042.0,48.78141089437701,11.475781729669086
2023.0,3.0,23.0,14.0,40.0,54.0,700000041.0,48.78141203069924,11.475782291507695
2023.0,3.0,23.0,14.0,40.0,54.0,800000041.0,48.78141313105366,11.475782879729012
2023.0,3.0,23.0,14.0,40.0,54.0,900000041.0,48.7814142571505,11.475783380316289
2023.0,3.0,23.0,14.0,40.0,55.0,41.0,48.78141533407773,11.475783868851392
2023.0,3.0,23.0,14.0,40.0,55.0,100000041.0,48.78141644748816,11.47578430191737
2023.0,3.0,23.0,14.0,40.0,55.0,200000038.0,48.781417490391675,11.475784793454125
2023.0,3.0,23.0,14.0,40.0,55.0,300000041.0,48.781418549700085,11.475785288731736
2023.0,3.0,23.0,14.0,40.0,55.0,400000041.0,48.7814196345468,11.475785700675868
2023.0,3.0,23.0,14.0,40.0,55.0,500000042.0,48.78142076034987,11.475786060995429
2023.0,3.0,23.0,14.0,40.0,55.0,600000042.0,48.78142184378997,11.475786472359447
2023.0,3.0,23.0,14.0,40.0,55.0,700000042.0,48.78142295902147,11.475786738887892
2023.0,3.0,23.0,14.0,40.0,55.0,800000042.0,48.78142404038837,11.475787130014357
2023.0,3.0,23.0,14.0,40.0,55.0,900000042.0,48.781425116955376,11.475787580467372
2023.0,3.0,23.0,14.0,40.0,56.0,42.0,48.7814262132941,11.475788055306138
2023.0,3.0,23.0,14.0,40.0,56.0,100000042.0,48.7814273166044,11.475788665107013
2023.0,3.0,23.0,14.0,40.0,56.0,200000043.0,48.78142844899831,11.47578922179504
2023.0,3.0,23.0,14.0,40.0,56.0,300000038.0,48.78142955681972,11.475789770953705
2023.0,3.0,23.0,14.0,40.0,56.0,400000039.0,48.78143065469635,11.475790374000601
2023.0,3.0,23.0,14.0,40.0,56.0,500000039.0,48.78143178650876,11.47579087558269
2023.0,3.0,23.0,14.0,40.0,56.0,600000040.0,48.78143287589081,11.475791499458303
2023.0,3.0,23.0,14.0,40.0,56.0,700000040.0,48.78143406025955,11.475792105894003
2023.0,3.0,23.0,14.0,40.0,56.0,800000041.0,48.78143517875497,11.475792767793148
2023.0,3.0,23.0,14.0,40.0,56.0,900000041.0,48.781436338819965,11.475793341869293
2023.0,3.0,23.0,14.0,40.0,57.0,41.0,48.781437484527736,11.475793943054677
2023.0,3.0,23.0,14.0,40.0,57.0,100000042.0,48.78143866216988,11.475794550215502
2023.0,3.0,23.0,14.0,40.0,57.0,200000043.0,48.781439842724296,11.475795178487934
2023.0,3.0,23.0,14.0,40.0,57.0,300000044.0,48.78144101868915,11.475795863804166
2023.0,3.0,23.0,14.0,40.0,57.0,400000044.0,48.781442173732906,11.475796581998003
2023.0,3.0,23.0,14.0,40.0,57.0,500000043.0,48.78144332309128,11.475797205801722
2023.0,3.0,23.0,14.0,40.0,57.0,600000043.0,48.78144447682718,11.475797919353077
2023.0,3.0,23.0,14.0,40.0,57.0,700000042.0,48.78144569366931,11.475798563627881
2023.0,3.0,23.0,14.0,40.0,57.0,800000042.0,48.781446871366555,11.475799216541894
2023.0,3.0,23.0,14.0,40.0,57.0,900000042.0,48.781448029573646,11.475799946312778
2023.0,3.0,23.0,14.0,40.0,58.0,42.0,48.78144917260011,11.475800662573704
2023.0,3.0,23.0,14.0,40.0,58.0,100000041.0,48.78145032025678,11.475801373551455
2023.0,3.0,23.0,14.0,40.0,58.0,200000041.0,48.781451503927045,11.475802034419887
2023.0,3.0,23.0,14.0,40.0,58.0,300000041.0,48.78145260237316,11.475802779838684
2023.0,3.0,23.0,14.0,40.0,58.0,400000042.0,48.78145376979252,11.475803410125035
2023.0,3.0,23.0,14.0,40.0,58.0,500000042.0,48.78145483869372,11.47580407425371
2023.0,3.0,23.0,14.0,40.0,58.0,600000041.0,48.78145592817749,11.47580459195237
2023.0,3.0,23.0,14.0,40.0,58.0,700000041.0,48.78145704629076,11.475805132388043
2023.0,3.0,23.0,14.0,40.0,58.0,800000041.0,48.78145813909204,11.475805646088702
2023.0,3.0,23.0,14.0,40.0,58.0,900000040.0,48.781459235723794,11.475806118290768
2023.0,3.0,23.0,14.0,40.0,59.0,40.0,48.78146036726922,11.47580657728793
2023.0,3.0,23.0,14.0,40.0,59.0,100000040.0,48.781461499729936,11.475806926589556
2023.0,3.0,23.0,14.0,40.0,59.0,200000040.0,48.78146258422946,11.475807333966978
2023.0,3.0,23.0,14.0,40.0,59.0,300000040.0,48.78146372554769,11.475807665320636
2023.0,3.0,23.0,14.0,40.0,59.0,400000040.0,48.78146483427636,11.475808027348217
2023.0,3.0,23.0,14.0,40.0,59.0,500000041.0,48.781466010393956,11.475808392921005
2023.0,3.0,23.0,14.0,40.0,59.0,600000041.0,48.78146719004161,11.475808733977134
2023.0,3.0,23.0,14.0,40.0,59.0,700000041.0,48.78146834340263,11.475809084135129
2023.0,3.0,23.0,14.0,40.0,59.0,800000040.0,48.78146950525152,11.475809437139047
2023.0,3.0,23.0,14.0,40.0,59.0,900000040.0,48.78147067506133,11.475809778086651
2023.0,3.0,23.0,14.0,41.0,0.0,41.0,48.78147187392845,11.475810098288697
2023.0,3.0,23.0,14.0,41.0,0.0,100000040.0,48.78147309829604,11.475810351283991
2023.0,3.0,23.0,14.0,41.0,0.0,200000040.0,48.78147431598976,11.475810668151341
2023.0,3.0,23.0,14.0,41.0,0.0,300000040.0,48.78147554268181,11.475810929719499
2023.0,3.0,23.0,14.0,41.0,0.0,400000041.0,48.7814768142971,11.47581099873002
2023.0,3.0,23.0,14.0,41.0,0.0,500000040.0,48.78147806394149,11.47581117928102
2023.0,3.0,23.0,14.0,41.0,0.0,600000041.0,48.78147932115261,11.475811184540527
2023.0,3.0,23.0,14.0,41.0,0.0,700000041.0,48.78148050332618,11.475811204320006
2023.0,3.0,23.0,14.0,41.0,0.0,800000041.0,48.78148170592123,11.475811265504827
2023.0,3.0,23.0,14.0,41.0,0.0,900000041.0,48.781482992819946,11.475811168623462
2023.0,3.0,23.0,14.0,41.0,1.0,41.0,48.78148421859228,11.475811040731935
2023.0,3.0,23.0,14.0,41.0,1.0,100000041.0,48.781485442945886,11.475810901092288
2023.0,3.0,23.0,14.0,41.0,1.0,200000041.0,48.781486667601875,11.475810653703238
2023.0,3.0,23.0,14.0,41.0,1.0,300000041.0,48.781487852396474,11.475810336102553
2023.0,3.0,23.0,14.0,41.0,1.0,400000041.0,48.7814889739908,11.475809905200943
2023.0,3.0,23.0,14.0,41.0,1.0,500000041.0,48.781490163682626,11.475809441084932
2023.0,3.0,23.0,14.0,41.0,1.0,600000041.0,48.78149134958351,11.47580881895489
2023.0,3.0,23.0,14.0,41.0,1.0,700000041.0,48.78149255163194,11.475808181685249
2023.0,3.0,23.0,14.0,41.0,1.0,800000041.0,48.78149369966349,11.475807500464972
2023.0,3.0,23.0,14.0,41.0,1.0,900000041.0,48.78149486196412,11.475806746177605
2023.0,3.0,23.0,14.0,41.0,2.0,42.0,48.78149597766484,11.475805957600974
2023.0,3.0,23.0,14.0,41.0,2.0,100000042.0,48.781497092979976,11.475805082821395
2023.0,3.0,23.0,14.0,41.0,2.0,200000042.0,48.781498210391746,11.475804107636536
2023.0,3.0,23.0,14.0,41.0,2.0,300000042.0,48.7814993104174,11.47580318670445
2023.0,3.0,23.0,14.0,41.0,2.0,400000042.0,48.78150035389537,11.475802264299595
2023.0,3.0,23.0,14.0,41.0,2.0,500000042.0,48.78150140285941,11.475801266915727
2023.0,3.0,23.0,14.0,41.0,2.0,600000042.0,48.781502405646435,11.475800141060892
2023.0,3.0,23.0,14.0,41.0,2.0,700000042.0,48.78150333787387,11.475799055744076
2023.0,3.0,23.0,14.0,41.0,2.0,800000042.0,48.78150426959721,11.475797966813152
2023.0,3.0,23.0,14.0,41.0,2.0,900000042.0,48.78150516272425,11.475796808909458
2023.0,3.0,23.0,14.0,41.0,3.0,42.0,48.78150609531459,11.475795589820208
2023.0,3.0,23.0,14.0,41.0,3.0,100000042.0,48.78150696026311,11.475794319658535
2023.0,3.0,23.0,14.0,41.0,3.0,200000042.0,48.78150786281306,11.475793077995297
2023.0,3.0,23.0,14.0,41.0,3.0,300000042.0,48.78150865500461,11.475791822029944
2023.0,3.0,23.0,14.0,41.0,3.0,400000042.0,48.78150951610102,11.475790468050805
2023.0,3.0,23.0,14.0,41.0,3.0,500000042.0,48.78151031913294,11.475789206743437
2023.0,3.0,23.0,14.0,41.0,3.0,600000042.0,48.78151108640792,11.475787901115382
2023.0,3.0,23.0,14.0,41.0,3.0,700000043.0,48.78151190408415,11.475786545120044
2023.0,3.0,23.0,14.0,41.0,3.0,800000043.0,48.78151270623842,11.475785118520664
2023.0,3.0,23.0,14.0,41.0,3.0,900000042.0,48.78151342254376,11.47578368699533
2023.0,3.0,23.0,14.0,41.0,4.0,42.0,48.781514172200076,11.475782129445061
2023.0,3.0,23.0,14.0,41.0,4.0,100000042.0,48.781514988401945,11.475780604227904
2023.0,3.0,23.0,14.0,41.0,4.0,200000042.0,48.781515723062405,11.475779104996509
2023.0,3.0,23.0,14.0,41.0,4.0,300000042.0,48.781516454066576,11.475777602465651
2023.0,3.0,23.0,14.0,41.0,4.0,400000042.0,48.781517228637675,11.47577612091552
2023.0,3.0,23.0,14.0,41.0,4.0,500000042.0,48.781517908355056,11.475774592977727
2023.0,3.0,23.0,14.0,41.0,4.0,600000042.0,48.781518700010466,11.475773150490294
2023.0,3.0,23.0,14.0,41.0,4.0,700000042.0,48.78151953016308,11.475771654261912
2023.0,3.0,23.0,14.0,41.0,4.0,800000042.0,48.78152022958867,11.475770271950843
2023.0,3.0,23.0,14.0,41.0,4.0,900000042.0,48.7815210340511,11.475768916370814
2023.0,3.0,23.0,14.0,41.0,5.0,42.0,48.78152184219565,11.475767509320296
2023.0,3.0,23.0,14.0,41.0,5.0,100000042.0,48.781522531390586,11.475766184314068
2023.0,3.0,23.0,14.0,41.0,5.0,200000042.0,48.78152326732119,11.475764811839344
2023.0,3.0,23.0,14.0,41.0,5.0,300000042.0,48.78152397246469,11.475763385720679
2023.0,3.0,23.0,14.0,41.0,5.0,400000042.0,48.781524640353275,11.475762067120524
2023.0,3.0,23.0,14.0,41.0,5.0,500000042.0,48.781525349897024,11.475760612834932
2023.0,3.0,23.0,14.0,41.0,5.0,600000042.0,48.78152602833037,11.4757591509561
2023.0,3.0,23.0,14.0,41.0,5.0,700000042.0,48.78152665379941,11.475757783495983
2023.0,3.0,23.0,14.0,41.0,5.0,800000042.0,48.78152727436858,11.475756387067749
2023.0,3.0,23.0,14.0,41.0,5.0,900000042.0,48.78152782872186,11.475754880550005
2023.0,3.0,23.0,14.0,41.0,6.0,42.0,48.781528445548,11.47575337922033
2023.0,3.0,23.0,14.0,41.0,6.0,100000042.0,48.78152903033334,11.475751900606053
2023.0,3.0,23.0,14.0,41.0,6.0,200000042.0,48.78152951550754,11.475750402550533
2023.0,3.0,23.0,14.0,41.0,6.0,300000041.0,48.78153003520083,11.475748904327734
2023.0,3.0,23.0,14.0,41.0,6.0,400000041.0,48.78153059054808,11.475747368937913
2023.0,3.0,23.0,14.0,41.0,6.0,500000041.0,48.78153098966124,11.475745782786085
2023.0,3.0,23.0,14.0,41.0,6.0,600000042.0,48.781531482600386,11.47574416968149
2023.0,3.0,23.0,14.0,41.0,6.0,700000042.0,48.78153185759546,11.475742641705084
2023.0,3.0,23.0,14.0,41.0,6.0,800000042.0,48.781532251661524,11.475740962793623
2023.0,3.0,23.0,14.0,41.0,6.0,900000042.0,48.78153258571959,11.475739338350646
2023.0,3.0,23.0,14.0,41.0,7.0,42.0,48.78153291853319,11.475737710680749
2023.0,3.0,23.0,14.0,41.0,7.0,100000042.0,48.781533159422615,11.475736091824274
2023.0,3.0,23.0,14.0,41.0,7.0,200000042.0,48.78153345690628,11.475734477955507
2023.0,3.0,23.0,14.0,41.0,7.0,300000042.0,48.78153380155504,11.475732915159908
2023.0,3.0,23.0,14.0,41.0,7.0,400000041.0,48.78153413864899,11.4757312725453
2023.0,3.0,23.0,14.0,41.0,7.0,500000041.0,48.78153459200128,11.475729585197971
2023.0,3.0,23.0,14.0,41.0,7.0,600000041.0,48.78153494457448,11.47572798800856
2023.0,3.0,23.0,14.0,41.0,7.0,700000041.0,48.78153527439972,11.475726296980193
2023.0,3.0,23.0,14.0,41.0,7.0,800000042.0,48.78153563250999,11.475724573505058
2023.0,3.0,23.0,14.0,41.0,7.0,900000042.0,48.781536025215665,11.47572289833789
2023.0,3.0,23.0,14.0,41.0,8.0,42.0,48.78153640373943,11.47572117080537
2023.0,3.0,23.0,14.0,41.0,8.0,100000041.0,48.78153679589588,11.475719515135221
2023.0,3.0,23.0,14.0,41.0,8.0,200000042.0,48.78153727234587,11.475717846489085
2023.0,3.0,23.0,14.0,41.0,8.0,300000042.0,48.781537762177145,11.47571617033976
2023.0,3.0,23.0,14.0,41.0,8.0,400000042.0,48.78153826114453,11.475714500875542
2023.0,3.0,23.0,14.0,41.0,8.0,500000041.0,48.78153870703958,11.47571282098369
2023.0,3.0,23.0,14.0,41.0,8.0,600000041.0,48.78153919571358,11.475711203398392
2023.0,3.0,23.0,14.0,41.0,8.0,700000041.0,48.7815396990641,11.475709511087986
2023.0,3.0,23.0,14.0,41.0,8.0,800000041.0,48.78154020491018,11.475707827530151
2023.0,3.0,23.0,14.0,41.0,8.0,900000041.0,48.78154077881455,11.475706058186177
2023.0,3.0,23.0,14.0,41.0,9.0,41.0,48.78154114335551,11.475704420385329
2023.0,3.0,23.0,14.0,41.0,9.0,100000041.0,48.78154169277822,11.475702727973772
2023.0,3.0,23.0,14.0,41.0,9.0,200000042.0,48.781542154884896,11.475701005349057
2023.0,3.0,23.0,14.0,41.0,9.0,300000042.0,48.78154265229219,11.475699287600072
2023.0,3.0,23.0,14.0,41.0,9.0,400000041.0,48.78154309472885,11.47569757778193
2023.0,3.0,23.0,14.0,41.0,9.0,500000042.0,48.78154361323062,11.475695778610595
2023.0,3.0,23.0,14.0,41.0,9.0,600000042.0,48.78154402452321,11.475694049771171
2023.0,3.0,23.0,14.0,41.0,9.0,700000042.0,48.781544389041734,11.475692343056767
2023.0,3.0,23.0,14.0,41.0,9.0,800000041.0,48.781544795899165,11.475690581998608
2023.0,3.0,23.0,14.0,41.0,9.0,900000042.0,48.781545300943826,11.475688811802115
2023.0,3.0,23.0,14.0,41.0,10.0,42.0,48.78154573810324,11.47568701341495
2023.0,3.0,23.0,14.0,41.0,10.0,100000041.0,48.78154621854681,11.475685193311918
2023.0,3.0,23.0,14.0,41.0,10.0,200000041.0,48.781546615130615,11.475683431928099
2023.0,3.0,23.0,14.0,41.0,10.0,300000041.0,48.78154710888186,11.475681653866182
2023.0,3.0,23.0,14.0,41.0,10.0,400000041.0,48.78154754119464,11.475679858030574
2023.0,3.0,23.0,14.0,41.0,10.0,500000041.0,48.78154793150725,11.475678116712295
2023.0,3.0,23.0,14.0,41.0,10.0,600000041.0,48.781548330520714,11.47567630020681
2023.0,3.0,23.0,14.0,41.0,10.0,700000042.0,48.7815487778001,11.475674521256154
2023.0,3.0,23.0,14.0,41.0,10.0,800000042.0,48.78154919760757,11.475672744090488
2023.0,3.0,23.0,14.0,41.0,10.0,900000042.0,48.78154958013694,11.475670920189405
2023.0,3.0,23.0,14.0,41.0,11.0,42.0,48.781550035275984,11.475669043158799
2023.0,3.0,23.0,14.0,41.0,11.0,100000042.0,48.781550467483214,11.475667231384653
2023.0,3.0,23.0,14.0,41.0,11.0,200000042.0,48.781550955410246,11.47566537014108
2023.0,3.0,23.0,14.0,41.0,11.0,300000042.0,48.78155139752173,11.475663616269644
2023.0,3.0,23.0,14.0,41.0,11.0,400000042.0,48.78155187235158,11.475661798524627
2023.0,3.0,23.0,14.0,41.0,11.0,500000042.0,48.781552394491186,11.475659936808
2023.0,3.0,23.0,14.0,41.0,11.0,600000042.0,48.781552932181434,11.475658073105139
2023.0,3.0,23.0,14.0,41.0,11.0,700000042.0,48.78155338386326,11.475656277250998
2023.0,3.0,23.0,14.0,41.0,11.0,800000042.0,48.78155393416003,11.475654402166034
2023.0,3.0,23.0,14.0,41.0,11.0,900000042.0,48.78155454096792,11.475652532820611
2023.0,3.0,23.0,14.0,41.0,12.0,42.0,48.78155503245036,11.475650690515577
2023.0,3.0,23.0,14.0,41.0,12.0,100000042.0,48.78155555104382,11.475648803934652
2023.0,3.0,23.0,14.0,41.0,12.0,200000042.0,48.78155606577701,11.475646931228415
2023.0,3.0,23.0,14.0,41.0,12.0,300000042.0,48.78155668565958,11.475645056074532
2023.0,3.0,23.0,14.0,41.0,12.0,400000042.0,48.781557203046454,11.475643164064854
2023.0,3.0,23.0,14.0,41.0,12.0,500000042.0,48.78155778097216,11.475641249018311
2023.0,3.0,23.0,14.0,41.0,12.0,600000042.0,48.781558390026895,11.475639279824025
2023.0,3.0,23.0,14.0,41.0,12.0,700000042.0,48.78155888821959,11.475637601061893
2023.0,3.0,23.0,14.0,41.0,12.0,800000041.0,48.7815593994101,11.47563582754853
2023.0,3.0,23.0,14.0,41.0,12.0,900000041.0,48.781559830689616,11.475634035469113
2023.0,3.0,23.0,14.0,41.0,13.0,41.0,48.78156036420027,11.4756321416972
2023.0,3.0,23.0,14.0,41.0,13.0,100000041.0,48.781560927839365,11.475630260836125
2023.0,3.0,23.0,14.0,41.0,13.0,200000041.0,48.7815614555253,11.475628392023546
2023.0,3.0,23.0,14.0,41.0,13.0,300000040.0,48.7815619653532,11.47562656536823
2023.0,3.0,23.0,14.0,41.0,13.0,400000040.0,48.78156251553883,11.47562463132526
2023.0,3.0,23.0,14.0,41.0,13.0,500000040.0,48.78156310845546,11.475622830150012
2023.0,3.0,23.0,14.0,41.0,13.0,600000040.0,48.781563655770185,11.47562097403862
2023.0,3.0,23.0,14.0,41.0,13.0,700000040.0,48.78156423059888,11.475619148310656
2023.0,3.0,23.0,14.0,41.0,13.0,800000041.0,48.78156482848457,11.47561734319424
2023.0,3.0,23.0,14.0,41.0,13.0,900000041.0,48.78156540835214,11.475615503619071
2023.0,3.0,23.0,14.0,41.0,14.0,41.0,48.78156603822899,11.475613765495057
2023.0,3.0,23.0,14.0,41.0,14.0,100000041.0,48.78156664079795,11.475612054678399
2023.0,3.0,23.0,14.0,41.0,14.0,200000040.0,48.78156720971923,11.475610351615469
2023.0,3.0,23.0,14.0,41.0,14.0,300000040.0,48.78156782877443,11.475608706946474
2023.0,3.0,23.0,14.0,41.0,14.0,400000040.0,48.78156838895717,11.475607057228236
2023.0,3.0,23.0,14.0,41.0,14.0,500000040.0,48.78156900141565,11.475605481600173
2023.0,3.0,23.0,14.0,41.0,14.0,600000040.0,48.78156959951275,11.475603946898591
2023.0,3.0,23.0,14.0,41.0,14.0,700000040.0,48.78157021022832,11.475602318643503
2023.0,3.0,23.0,14.0,41.0,14.0,800000041.0,48.781570821762266,11.475600658693333
2023.0,3.0,23.0,14.0,41.0,14.0,900000040.0,48.78157140766263,11.475598967864507
2023.0,3.0,23.0,14.0,41.0,15.0,40.0,48.781571990424275,11.4755972676462
2023.0,3.0,23.0,14.0,41.0,15.0,100000040.0,48.78157259865293,11.475595596024299
2023.0,3.0,23.0,14.0,41.0,15.0,200000040.0,48.78157315494786,11.475593870905074
2023.0,3.0,23.0,14.0,41.0,15.0,300000039.0,48.78157376749462,11.475592158724059
2023.0,3.0,23.0,14.0,41.0,15.0,400000039.0,48.781574476376385,11.475590406808053
2023.0,3.0,23.0,14.0,41.0,15.0,500000039.0,48.78157489337217,11.475588718480413
2023.0,3.0,23.0,14.0,41.0,15.0,600000039.0,48.78157552450828,11.475586950794137
2023.0,3.0,23.0,14.0,41.0,15.0,700000039.0,48.78157613684706,11.47558523671604
2023.0,3.0,23.0,14.0,41.0,15.0,800000039.0,48.78157664306539,11.475583517131673
2023.0,3.0,23.0,14.0,41.0,15.0,900000039.0,48.781577197675006,11.475581765772437
2023.0,3.0,23.0,14.0,41.0,16.0,39.0,48.78157777032718,11.475580036145052
2023.0,3.0,23.0,14.0,41.0,16.0,100000039.0,48.78157834027682,11.475578247622861
2023.0,3.0,23.0,14.0,41.0,16.0,200000038.0,48.781578957661,11.4755764623068
2023.0,3.0,23.0,14.0,41.0,16.0,300000038.0,48.78157946690768,11.47557471564843
2023.0,3.0,23.0,14.0,41.0,16.0,400000038.0,48.78157990397324,11.475572953772478
2023.0,3.0,23.0,14.0,41.0,16.0,500000038.0,48.78158045625669,11.47557130173416
2023.0,3.0,23.0,14.0,41.0,16.0,600000038.0,48.781580965143135,11.475569686315904
2023.0,3.0,23.0,14.0,41.0,16.0,700000038.0,48.781581455291054,11.475568093106116
2023.0,3.0,23.0,14.0,41.0,16.0,800000037.0,48.78158198083475,11.475566505832226
2023.0,3.0,23.0,14.0,41.0,16.0,900000038.0,48.7815824629244,11.475564909466584
2023.0,3.0,23.0,14.0,41.0,17.0,38.0,48.781582936263405,11.47556334556611
2023.0,3.0,23.0,14.0,41.0,17.0,100000038.0,48.78158345788039,11.475561640471987
2023.0,3.0,23.0,14.0,41.0,17.0,200000038.0,48.78158392863833,11.475559980735678
2023.0,3.0,23.0,14.0,41.0,17.0,300000037.0,48.781584433450085,11.475558303774456
2023.0,3.0,23.0,14.0,41.0,17.0,400000037.0,48.7815849261183,11.475556653761194
2023.0,3.0,23.0,14.0,41.0,17.0,500000036.0,48.78158544131668,11.475554996725101
2023.0,3.0,23.0,14.0,41.0,17.0,600000036.0,48.7815858300274,11.475553340011578
2023.0,3.0,23.0,14.0,41.0,17.0,700000036.0,48.78158630570832,11.475551691069116
2023.0,3.0,23.0,14.0,41.0,17.0,800000036.0,48.78158681278794,11.475550007918468
2023.0,3.0,23.0,14.0,41.0,17.0,900000036.0,48.78158727511468,11.47554828253377
2023.0,3.0,23.0,14.0,41.0,18.0,36.0,48.78158776182188,11.47554659125779
2023.0,3.0,23.0,14.0,41.0,18.0,100000036.0,48.78158826763024,11.475544776481163
2023.0,3.0,23.0,14.0,41.0,18.0,200000036.0,48.78158875026413,11.475543015828055
2023.0,3.0,23.0,14.0,41.0,18.0,300000036.0,48.78158924378883,11.47554123564703
2023.0,3.0,23.0,14.0,41.0,18.0,400000035.0,48.78158972836391,11.47553951680455
2023.0,3.0,23.0,14.0,41.0,18.0,500000035.0,48.78159020177041,11.475537781570774
2023.0,3.0,23.0,14.0,41.0,18.0,600000035.0,48.781590660221816,11.475536032382976
2023.0,3.0,23.0,14.0,41.0,18.0,700000035.0,48.78159116901596,11.475534279886523
2023.0,3.0,23.0,14.0,41.0,18.0,800000035.0,48.78159166072211,11.475532543238824
2023.0,3.0,23.0,14.0,41.0,18.0,900000035.0,48.7815921273466,11.475530812012547
2023.0,3.0,23.0,14.0,41.0,19.0,35.0,48.78159260255088,11.475529065303482
2023.0,3.0,23.0,14.0,41.0,19.0,100000035.0,48.78159307897302,11.475527344330084
2023.0,3.0,23.0,14.0,41.0,19.0,200000035.0,48.78159360819117,11.475525498821765
2023.0,3.0,23.0,14.0,41.0,19.0,300000035.0,48.78159409078711,11.475523743066617
2023.0,3.0,23.0,14.0,41.0,19.0,400000035.0,48.78159452021692,11.475521962920274
2023.0,3.0,23.0,14.0,41.0,19.0,500000034.0,48.781595050457376,11.475520185382424
2023.0,3.0,23.0,14.0,41.0,19.0,600000034.0,48.78159556686473,11.475518416834609
2023.0,3.0,23.0,14.0,41.0,19.0,700000034.0,48.781596419061714,11.475516361524983
2023.0,3.0,23.0,14.0,41.0,19.0,800000034.0,48.781596999257744,11.475514580786744
2023.0,3.0,23.0,14.0,41.0,19.0,900000034.0,48.78159758398446,11.475512824700447
2023.0,3.0,23.0,14.0,41.0,20.0,34.0,48.78159817181407,11.47551108719275
2023.0,3.0,23.0,14.0,41.0,20.0,100000034.0,48.78159882451886,11.475509289424208
2023.0,3.0,23.0,14.0,41.0,20.0,200000034.0,48.78159940315799,11.475507458894615
2023.0,3.0,23.0,14.0,41.0,20.0,300000034.0,48.78159996824777,11.47550561083948
2023.0,3.0,23.0,14.0,41.0,20.0,400000034.0,48.78160058946373,11.475503739515863
2023.0,3.0,23.0,14.0,41.0,20.0,500000034.0,48.78160117140552,11.475501858904545
2023.0,3.0,23.0,14.0,41.0,20.0,600000033.0,48.781601702185114,11.47549999233331
2023.0,3.0,23.0,14.0,41.0,20.0,700000033.0,48.781602283246485,11.475498146081573
2023.0,3.0,23.0,14.0,41.0,20.0,800000034.0,48.78160282372886,11.475496281114145
2023.0,3.0,23.0,14.0,41.0,20.0,900000034.0,48.78160341880028,11.475494420146086
2023.0,3.0,23.0,14.0,41.0,21.0,34.0,48.78160396470684,11.475492573468212
2023.0,3.0,23.0,14.0,41.0,21.0,100000034.0,48.78160461672772,11.475490644495993
2023.0,3.0,23.0,14.0,41.0,21.0,200000034.0,48.78160517436419,11.475488822356056
2023.0,3.0,23.0,14.0,41.0,21.0,300000034.0,48.78160571123034,11.47548701694351
2023.0,3.0,23.0,14.0,41.0,21.0,400000034.0,48.78160624445373,11.47548515504676
2023.0,3.0,23.0,14.0,41.0,21.0,500000034.0,48.78160674462246,11.47548328009339
2023.0,3.0,23.0,14.0,41.0,21.0,600000034.0,48.7816072537194,11.475481434717187
2023.0,3.0,23.0,14.0,41.0,21.0,700000034.0,48.78160773925366,11.47547956731341
2023.0,3.0,23.0,14.0,41.0,21.0,800000033.0,48.78160817451365,11.475477713263823
2023.0,3.0,23.0,14.0,41.0,21.0,900000033.0,48.78160868199949,11.475475844225318
2023.0,3.0,23.0,14.0,41.0,22.0,33.0,48.78160918835936,11.475473975184396
2023.0,3.0,23.0,14.0,41.0,22.0,100000033.0,48.78160968425127,11.475471992893386
2023.0,3.0,23.0,14.0,41.0,22.0,200000033.0,48.78161015341491,11.475470054598919
2023.0,3.0,23.0,14.0,41.0,22.0,300000033.0,48.78161063074579,11.475468093442107
2023.0,3.0,23.0,14.0,41.0,22.0,400000033.0,48.781611114260244,11.47546619700544
2023.0,3.0,23.0,14.0,41.0,22.0,500000033.0,48.78161155230437,11.475464277828856
2023.0,3.0,23.0,14.0,41.0,22.0,600000032.0,48.78161210932393,11.475462417772682
2023.0,3.0,23.0,14.0,41.0,22.0,700000032.0,48.78161255705003,11.475460520980524
2023.0,3.0,23.0,14.0,41.0,22.0,800000032.0,48.78161309725398,11.4754586263264
2023.0,3.0,23.0,14.0,41.0,22.0,900000032.0,48.78161366219468,11.47545671931609
2023.0,3.0,23.0,14.0,41.0,23.0,32.0,48.78161408609912,11.475454808568054
2023.0,3.0,23.0,14.0,41.0,23.0,100000032.0,48.78161462392299,11.475452920067896
2023.0,3.0,23.0,14.0,41.0,23.0,200000032.0,48.781615103680636,11.475451016260676
2023.0,3.0,23.0,14.0,41.0,23.0,300000032.0,48.78161558285281,11.475449176579726
2023.0,3.0,23.0,14.0,41.0,23.0,400000032.0,48.78161606278354,11.475447381877371
2023.0,3.0,23.0,14.0,41.0,23.0,500000032.0,48.7816165263615,11.47544552973691
2023.0,3.0,23.0,14.0,41.0,23.0,600000032.0,48.7816170331058,11.475443708105685
2023.0,3.0,23.0,14.0,41.0,23.0,700000032.0,48.78161754144371,11.475441874122527
2023.0,3.0,23.0,14.0,41.0,23.0,800000032.0,48.781617997621886,11.47544002330526
2023.0,3.0,23.0,14.0,41.0,23.0,900000032.0,48.78161850489731,11.475438133191538
2023.0,3.0,23.0,14.0,41.0,24.0,32.0,48.78161894425169,11.475436303472817
2023.0,3.0,23.0,14.0,41.0,24.0,100000032.0,48.78161941647259,11.475434540185203
2023.0,3.0,23.0,14.0,41.0,24.0,200000032.0,48.78161986117525,11.475432778977384
2023.0,3.0,23.0,14.0,41.0,24.0,300000032.0,48.78162026275906,11.475431019333868
2023.0,3.0,23.0,14.0,41.0,24.0,400000032.0,48.78162067732082,11.4754292194771
2023.0,3.0,23.0,14.0,41.0,24.0,500000032.0,48.78162111087764,11.475427498984704
2023.0,3.0,23.0,14.0,41.0,24.0,600000032.0,48.78162151363039,11.475425749311407
2023.0,3.0,23.0,14.0,41.0,24.0,700000032.0,48.78162190358001,11.475424023431325
2023.0,3.0,23.0,14.0,41.0,24.0,800000032.0,48.78162231230455,11.475422303348951
2023.0,3.0,23.0,14.0,41.0,24.0,900000032.0,48.781622766132664,11.475420612582594
2023.0,3.0,23.0,14.0,41.0,25.0,32.0,48.7816232179419,11.475418971011168
2023.0,3.0,23.0,14.0,41.0,25.0,100000032.0,48.78162364531587,11.475417319537623
2023.0,3.0,23.0,14.0,41.0,25.0,200000032.0,48.78162398007076,11.47541568281484
2023.0,3.0,23.0,14.0,41.0,25.0,300000032.0,48.78162439420638,11.47541402977865
2023.0,3.0,23.0,14.0,41.0,25.0,400000031.0,48.781624772752885,11.475412442107688
2023.0,3.0,23.0,14.0,41.0,25.0,500000031.0,48.78162513490758,11.475410859442604
2023.0,3.0,23.0,14.0,41.0,25.0,600000031.0,48.78162554810154,11.475409346647442
2023.0,3.0,23.0,14.0,41.0,25.0,700000031.0,48.7816259218372,11.475407873641556
2023.0,3.0,23.0,14.0,41.0,25.0,800000031.0,48.78162630081909,11.475406376985775
2023.0,3.0,23.0,14.0,41.0,25.0,900000031.0,48.78162670612712,11.475404970014198
2023.0,3.0,23.0,14.0,41.0,26.0,31.0,48.78162706643567,11.47540358703224
2023.0,3.0,23.0,14.0,41.0,26.0,100000031.0,48.78162752628303,11.47540216838705
2023.0,3.0,23.0,14.0,41.0,26.0,200000031.0,48.78162789205293,11.475400840390698
2023.0,3.0,23.0,14.0,41.0,26.0,300000031.0,48.78162827392419,11.475399531070588
2023.0,3.0,23.0,14.0,41.0,26.0,400000031.0,48.781628637257164,11.475398318186373
2023.0,3.0,23.0,14.0,41.0,26.0,500000031.0,48.781628982479425,11.475397093901252
2023.0,3.0,23.0,14.0,41.0,26.0,600000031.0,48.781629365224966,11.475395878401848
2023.0,3.0,23.0,14.0,41.0,26.0,700000031.0,48.78162975725655,11.4753947921511
2023.0,3.0,23.0,14.0,41.0,26.0,800000031.0,48.781630070893804,11.475393608472146
2023.0,3.0,23.0,14.0,41.0,26.0,900000031.0,48.78163042664246,11.475392512084337
2023.0,3.0,23.0,14.0,41.0,27.0,31.0,48.781630775731166,11.475391455691305
2023.0,3.0,23.0,14.0,41.0,27.0,100000031.0,48.78163112761392,11.475390415937753
2023.0,3.0,23.0,14.0,41.0,27.0,200000031.0,48.78163149066702,11.475389389816273
2023.0,3.0,23.0,14.0,41.0,27.0,300000031.0,48.78163180618982,11.475388437410421
2023.0,3.0,23.0,14.0,41.0,27.0,400000031.0,48.78163216561791,11.475387582742682
2023.0,3.0,23.0,14.0,41.0,27.0,500000031.0,48.78163237977498,11.475386746352825
2023.0,3.0,23.0,14.0,41.0,27.0,600000031.0,48.78163268258257,11.475385945290009
2023.0,3.0,23.0,14.0,41.0,27.0,700000031.0,48.781632979028494,11.475385250213868
2023.0,3.0,23.0,14.0,41.0,27.0,800000031.0,48.78163322273806,11.475384534596264
2023.0,3.0,23.0,14.0,41.0,27.0,900000031.0,48.78163346455701,11.475383912388814
2023.0,3.0,23.0,14.0,41.0,28.0,31.0,48.78163368825213,11.475383247472836
2023.0,3.0,23.0,14.0,41.0,28.0,100000031.0,48.781633925313386,11.475382684019939
2023.0,3.0,23.0,14.0,41.0,28.0,200000031.0,48.781634111933464,11.475382167627284
2023.0,3.0,23.0,14.0,41.0,28.0,300000031.0,48.7816342929369,11.475381642938515
2023.0,3.0,23.0,14.0,41.0,28.0,400000031.0,48.78163444634869,11.475381177177955
2023.0,3.0,23.0,14.0,41.0,28.0,500000031.0,48.781634643476046,11.475380723322138
2023.0,3.0,23.0,14.0,41.0,28.0,600000031.0,48.78163480555828,11.475380304443297
2023.0,3.0,23.0,14.0,41.0,28.0,700000031.0,48.781634795758606,11.475380058505962
2023.0,3.0,23.0,14.0,41.0,28.0,800000031.0,48.78163463448503,11.475380109555225
2023.0,3.0,23.0,14.0,41.0,28.0,900000031.0,48.78163451881904,11.47538000296909
2023.0,3.0,23.0,14.0,41.0,29.0,30.0,48.78163451994389,11.47537994317867
2023.0,3.0,23.0,14.0,41.0,29.0,100000030.0,48.78163458967052,11.475379927954302
2023.0,3.0,23.0,14.0,41.0,29.0,200000030.0,48.78163461943106,11.475379870530242
2023.0,3.0,23.0,14.0,41.0,29.0,300000030.0,48.78163462185906,11.475379800973695
2023.0,3.0,23.0,14.0,41.0,29.0,400000030.0,48.78163461961198,11.47537981742466
2023.0,3.0,23.0,14.0,41.0,29.0,500000030.0,48.781634668368426,11.47537986316344
2023.0,3.0,23.0,14.0,41.0,29.0,600000030.0,48.78163467735256,11.475379851143327
2023.0,3.0,23.0,14.0,41.0,29.0,700000030.0,48.78163474234195,11.475379835242704
2023.0,3.0,23.0,14.0,41.0,29.0,800000029.0,48.78163472377232,11.47537979253867
2023.0,3.0,23.0,14.0,41.0,29.0,900000029.0,48.7816347260446,11.47537982718197
2023.0,3.0,23.0,14.0,41.0,30.0,29.0,48.781634718956404,11.475379849409181
2023.0,3.0,23.0,14.0,41.0,30.0,100000029.0,48.78163472676853,11.475379868444573
2023.0,3.0,23.0,14.0,41.0,30.0,200000029.0,48.78163472784577,11.475379863250588
2023.0,3.0,23.0,14.0,41.0,30.0,300000029.0,48.78163470798706,11.475379870552157
2023.0,3.0,23.0,14.0,41.0,30.0,400000029.0,48.781634692773544,11.475379887737727
2023.0,3.0,23.0,14.0,41.0,30.0,500000029.0,48.781634716115995,11.475379874418284
2023.0,3.0,23.0,14.0,41.0,30.0,600000029.0,48.78163472144944,11.475379859599014
2023.0,3.0,23.0,14.0,41.0,30.0,700000029.0,48.781634713252906,11.475379879453229
2023.0,3.0,23.0,14.0,41.0,30.0,800000029.0,48.78163469206439,11.475379884437876
2023.0,3.0,23.0,14.0,41.0,30.0,900000029.0,48.781634686432376,11.475379881943525
2023.0,3.0,23.0,14.0,41.0,31.0,29.0,48.78163468312151,11.475379911107051
2023.0,3.0,23.0,14.0,41.0,31.0,100000029.0,48.7816346904622,11.475379894687611
2023.0,3.0,23.0,14.0,41.0,31.0,200000028.0,48.78163468042742,11.475379940081849
2023.0,3.0,23.0,14.0,41.0,31.0,300000028.0,48.78163466703344,11.475379921690985
2023.0,3.0,23.0,14.0,41.0,31.0,400000028.0,48.78163464666407,11.475379951366344
