TimeStamps,lat_piksi,lon_piksi,lat_smartphone,lon_smartphone,lat_GPS1,lon_GPS1,lat_GPS2,lon_GPS2,lat_GPS3,lon_GPS3
2023-03-28 13:57:39.600,48.7816551750023,11.47532580911984,,,,,,,,
2023-03-28 13:57:39.700,48.78165519214765,11.475325813486922,,,,,,,,
2023-03-28 13:57:39.800,48.7816551901646,11.475325810056516,,,,,,,,
2023-03-28 13:57:39.900,48.78165517970725,11.475325776846454,,,,,,,,
2023-03-28 13:57:40.000,48.78165519655953,11.475325774604348,,,,,,,,
2023-03-28 13:57:40.100,48.78165518941028,11.475325799243548,,,,,,,,
2023-03-28 13:57:40.200,48.78165520247505,11.475325812140724,,,,,,,,
2023-03-28 13:57:40.300,48.78165523386344,11.47532583622968,,,,,,,,
2023-03-28 13:57:40.400,48.78165527090404,11.47532587867574,,,,,,,,
2023-03-28 13:57:40.500,48.781655273300856,11.475325883204428,,,,,,,,
2023-03-28 13:57:40.600,48.781655313403554,11.475325926493822,,,,,,,,
2023-03-28 13:57:40.700,48.78165536203053,11.475325928543215,,,,,,,,
2023-03-28 13:57:40.800,48.7816553904654,11.475325883005544,,,,,,,,
2023-03-28 13:57:40.900,48.78165537692959,11.475325884288864,,,,,,,,
2023-03-28 13:57:41.000,48.78165537692207,11.475325896194864,,,,,,,,
2023-03-28 13:57:41.100,48.781655371508734,11.475325893472444,,,,,,,,
2023-03-28 13:57:41.200,48.78165537370219,11.475325901032168,,,,,,,,
2023-03-28 13:57:41.300,48.781655359122325,11.475325909517132,,,,,,,,
2023-03-28 13:57:41.400,48.781655344384696,11.475325916963916,,,,,,,,
2023-03-28 13:57:41.500,48.78165536314887,11.475325902332278,,,,,,,,
2023-03-28 13:57:41.600,48.78165536027617,11.475325926809576,,,,,,,,
2023-03-28 13:57:41.700,48.7816553649354,11.475325924630177,,,,,,,,
2023-03-28 13:57:41.800,48.78165536800904,11.475325923699977,,,,,,,,
2023-03-28 13:57:41.900,48.78165537233083,11.475325888739382,,,,,,,,
2023-03-28 13:57:42.000,48.78165536045105,11.475325882138687,,,,,,,,
2023-03-28 13:57:42.100,48.78165536464851,11.475325896727902,,,,,,,,
2023-03-28 13:57:42.200,48.78165537625912,11.475325891418349,,,,,,,,
2023-03-28 13:57:42.300,48.7816553775322,11.475325892518008,,,,,,,,
2023-03-28 13:57:42.400,48.78165536265556,11.475325902534944,,,,,,,,
2023-03-28 13:57:42.500,48.78165537910829,11.475325913787383,,,,,,,,
2023-03-28 13:57:42.600,48.78165536539241,11.47532590990074,,,,,,,,
2023-03-28 13:57:42.700,48.7816553614386,11.47532591822982,,,,,,,,
2023-03-28 13:57:42.800,48.78165537594629,11.475325920644986,,,,,,,,
2023-03-28 13:57:42.900,48.781655370452896,11.475325908599109,,,,,,,,
2023-03-28 13:57:43.000,48.78165538400175,11.475325907525262,48.7812827,11.4755005,,,,,,
2023-03-28 13:57:43.100,48.78165536294989,11.475325918673487,,,,,,,,
2023-03-28 13:57:43.200,48.78165536805494,11.475325931515313,,,,,,,,
2023-03-28 13:57:43.300,48.78165537372978,11.475325917849794,,,,,,,,
2023-03-28 13:57:43.400,48.781655373710855,11.475325911929836,,,,,,,,
2023-03-28 13:57:43.500,48.7816553718268,11.475325907204958,,,,,,,,
2023-03-28 13:57:43.600,48.7816553827268,11.475325929512804,,,,,,,,
2023-03-28 13:57:43.700,48.78165538117517,11.475325936177548,,,,,,,,
2023-03-28 13:57:43.800,48.78165539416089,11.475325940436218,,,,,,,,
2023-03-28 13:57:43.900,48.7816554050101,11.47532592821082,,,,,,,,
2023-03-28 13:57:44.000,48.78165537199969,11.475325941110624,,,,,,,,
2023-03-28 13:57:44.100,48.78165541259805,11.475325929690976,,,,,,,,
2023-03-28 13:57:44.200,48.78165541597371,11.475325939667291,,,,,,,,
2023-03-28 13:57:44.300,48.78165537516352,11.475325952393517,,,,,,,,
2023-03-28 13:57:44.400,48.78165537908817,11.475325961050462,,,,,,,,
2023-03-28 13:57:44.500,48.78165536860434,11.475325958266945,,,,,,,,
2023-03-28 13:57:44.600,48.781655368251634,11.475325952164312,,,,,,,,
2023-03-28 13:57:44.700,48.78165535669421,11.47532597895228,,,,,,,,
2023-03-28 13:57:44.800,48.781655348672444,11.47532599522668,,,,,,,,
2023-03-28 13:57:44.900,48.78165530192376,11.475326005650874,,,,,,,,
2023-03-28 13:57:45.000,48.78165530527736,11.475326000136766,,,,,,,,
2023-03-28 13:57:45.100,48.78165526545912,11.47532603998389,,,,,,,,
2023-03-28 13:57:45.200,48.78165523371161,11.47532601743658,,,,,,,,
2023-03-28 13:57:45.300,48.78165522759722,11.475326007951937,,,,,,,,
2023-03-28 13:57:45.400,48.781655297129376,11.475326084964449,,,,,,,,
2023-03-28 13:57:45.500,48.78165524224924,11.475325991757124,,,,,,,,
2023-03-28 13:57:45.600,48.78165505379042,11.475325818525508,,,,,,,,
2023-03-28 13:57:45.700,48.78165497040192,11.475325856371764,,,,,,,,
2023-03-28 13:57:45.800,48.78165499102644,11.475325858884728,,,,,,,,
2023-03-28 13:57:45.900,48.78165500784085,11.475325900888478,,,,,,,,
2023-03-28 13:57:46.000,48.7816549989381,11.475325888936077,48.7816079,11.4753378,48.781631,11.475247,48.781642,11.475301,48.781654,11.475328
2023-03-28 13:57:46.100,48.7816549896752,11.47532588862268,,,,,,,,
2023-03-28 13:57:46.200,48.78165497250829,11.475325904383908,,,,,,,,
2023-03-28 13:57:46.300,48.78165497221917,11.475325921878282,,,,,,,,
2023-03-28 13:57:46.400,48.78165497165351,11.47532594914901,,,,,,,,
2023-03-28 13:57:46.500,48.78165497473623,11.475325943479833,,,,,,,,
2023-03-28 13:57:46.600,48.7816549941224,11.475325886578856,,,,,,,,
2023-03-28 13:57:46.700,48.78165499886598,11.4753258861707,,,,,,,,
2023-03-28 13:57:46.800,48.78165498673905,11.475325895904108,,,,,,,,
2023-03-28 13:57:46.900,48.781655002869485,11.475325902390896,,,,,,,,
2023-03-28 13:57:47.000,48.78165500161932,11.475325892578578,48.7816452,11.4753396,48.781635,11.475244,48.781642,11.475301,48.781654,11.475329
2023-03-28 13:57:47.100,48.78165499139837,11.475325885541336,,,,,,,,
2023-03-28 13:57:47.200,48.78165498137756,11.47532589617835,,,,,,,,
2023-03-28 13:57:47.300,48.78165500167019,11.47532589120926,,,,,,,,
2023-03-28 13:57:47.400,48.78165499409597,11.47532590791975,,,,,,,,
2023-03-28 13:57:47.500,48.78165497434897,11.475325914578796,,,,,,,,
2023-03-28 13:57:47.600,48.78165497903717,11.475325912835466,,,,,,,,
2023-03-28 13:57:47.700,48.78165498542241,11.475325915653832,,,,,,,,
2023-03-28 13:57:47.800,48.78165499088787,11.475325922653433,,,,,,,,
2023-03-28 13:57:47.900,48.78165498916703,11.475325877327784,,,,,,,,
2023-03-28 13:57:48.000,48.78165500933532,11.475325867348728,48.7816509,11.4753427,48.781639,11.475243,48.781642,11.475301,48.781654,11.475329
2023-03-28 13:57:48.000,48.78165500933532,11.475325867348728,48.7816515,11.4753451,48.781639,11.475243,48.781642,11.475301,48.781654,11.475329
2023-03-28 13:57:48.100,48.78165500151671,11.475325873655338,,,,,,,,
2023-03-28 13:57:48.200,48.781654986021096,11.47532588568152,,,,,,,,
2023-03-28 13:57:48.300,48.78165498593367,11.475325882329212,,,,,,,,
2023-03-28 13:57:48.400,48.78165498607744,11.475325888355876,,,,,,,,
2023-03-28 13:57:48.500,48.78165498922123,11.475325894179749,,,,,,,,
2023-03-28 13:57:48.600,48.78165499166301,11.475325881471388,,,,,,,,
2023-03-28 13:57:48.700,48.78165497689335,11.475325903576708,,,,,,,,
2023-03-28 13:57:48.800,48.7816549862003,11.475325907715074,,,,,,,,
2023-03-28 13:57:48.900,48.781654983202415,11.475325912644276,,,,,,,,
2023-03-28 13:57:49.000,48.781654972668846,11.475325917328243,48.7816515,11.4753466,48.781642,11.475241,48.781642,11.475301,48.781654,11.47533
2023-03-28 13:57:49.000,48.781654972668846,11.475325917328243,48.7816515,11.4753483,48.781642,11.475241,48.781642,11.475301,48.781654,11.47533
2023-03-28 13:57:49.100,48.7816549678216,11.475325939646972,,,,,,,,
2023-03-28 13:57:49.200,48.78165495353575,11.47532595296228,,,,,,,,
2023-03-28 13:57:49.300,48.781654959567824,11.47532595559557,,,,,,,,
2023-03-28 13:57:49.400,48.78165494375921,11.475325970290736,,,,,,,,
2023-03-28 13:57:49.500,48.781654945701824,11.475325978700956,,,,,,,,
2023-03-28 13:57:49.600,48.78165494424997,11.475325987963242,,,,,,,,
2023-03-28 13:57:49.700,48.781654937538825,11.475326008415871,,,,,,,,
2023-03-28 13:57:49.800,48.78165493003098,11.475326011495754,,,,,,,,
2023-03-28 13:57:49.900,48.7816549227009,11.475326034607509,,,,,,,,
2023-03-28 13:57:50.000,48.7816549263134,11.475326066924785,48.7816519,11.4753477,48.781646,11.475239,48.781642,11.475301,48.781654,11.47533
2023-03-28 13:57:50.000,48.7816549263134,11.475326066924785,48.7816517,11.4753498,48.781646,11.475239,48.781642,11.475301,48.781654,11.47533
2023-03-28 13:57:50.100,48.7816549867126,11.47532597586772,,,,,,,,
2023-03-28 13:57:50.200,48.78165499817437,11.475325908173811,,,,,,,,
2023-03-28 13:57:50.300,48.78165497963778,11.475325954639567,,,,,,,,
2023-03-28 13:57:50.400,48.78165496914336,11.475325942368356,,,,,,,,
2023-03-28 13:57:50.500,48.78165497817645,11.47532595038829,,,,,,,,
2023-03-28 13:57:50.600,48.7816549742058,11.4753259424642,,,,,,,,
2023-03-28 13:57:50.700,48.781654982030965,11.475325948812364,,,,,,,,
2023-03-28 13:57:50.800,48.78165498017549,11.475325937482578,,,,,,,,
2023-03-28 13:57:50.900,48.781654978557896,11.475325963549912,,,,,,,,
2023-03-28 13:57:51.000,48.78165498706176,11.47532595736699,48.781652,11.4753492,48.78165,11.475238,48.781642,11.475301,48.781654,11.47533
2023-03-28 13:57:51.000,48.78165498706176,11.47532595736699,48.7816518,11.47535,48.78165,11.475238,48.781642,11.475301,48.781654,11.47533
2023-03-28 13:57:51.100,48.78165499709998,11.475325934013812,,,,,,,,
2023-03-28 13:57:51.200,48.7816550156302,11.475325939704184,,,,,,,,
2023-03-28 13:57:51.300,48.781655011065965,11.475325937984806,,,,,,,,
2023-03-28 13:57:51.400,48.78165500385176,11.475325936583886,,,,,,,,
2023-03-28 13:57:51.500,48.78165501122167,11.475325940602104,,,,,,,,
2023-03-28 13:57:51.600,48.78165500902074,11.475325942876731,,,,,,,,
2023-03-28 13:57:51.700,48.78165501768292,11.475325949653888,,,,,,,,
2023-03-28 13:57:51.800,48.78165498896499,11.475325970066304,,,,,,,,
2023-03-28 13:57:51.900,48.7816549729644,11.475325978210629,,,,,,,,
2023-03-28 13:57:52.000,48.78165495365026,11.475325962111985,48.7816519,11.4753512,48.78165,11.475236,48.781642,11.475301,48.781654,11.475329
2023-03-28 13:57:52.100,48.781654957422056,11.475325952898965,,,,,,,,
2023-03-28 13:57:52.200,48.78165494941287,11.475325959880582,,,,,,,,
2023-03-28 13:57:52.300,48.78165496896701,11.4753259417187,,,,,,,,
2023-03-28 13:57:52.400,48.7816549657292,11.475325936468147,,,,,,,,
2023-03-28 13:57:52.500,48.7816549594568,11.47532596030127,,,,,,,,
2023-03-28 13:57:52.600,48.7816549358778,11.475325956125523,,,,,,,,
2023-03-28 13:57:52.700,48.781654878335,11.47532611920407,,,,,,,,
2023-03-28 13:57:52.800,48.78165481934238,11.475326246231118,,,,,,,,
2023-03-28 13:57:52.900,48.781654785289504,11.47532635838931,,,,,,,,
2023-03-28 13:57:53.000,48.78165475243755,11.475326524977724,48.7816516,11.4753538,48.78165,11.475236,48.781642,11.475301,48.781654,11.475329
2023-03-28 13:57:53.100,48.78165471109582,11.475326734785734,,,,,,,,
2023-03-28 13:57:53.200,48.78165465760912,11.475326963334808,,,,,,,,
2023-03-28 13:57:53.300,48.78165465705086,11.47532712513092,,,,,,,,
2023-03-28 13:57:53.400,48.78165463273155,11.475327364563176,,,,,,,,
2023-03-28 13:57:53.500,48.78165458416696,11.475327600167862,,,,,,,,
2023-03-28 13:57:53.600,48.78165452383243,11.475327852672764,,,,,,,,
2023-03-28 13:57:53.700,48.781654440796615,11.475328067666332,,,,,,,,
2023-03-28 13:57:53.800,48.78165437071242,11.475328292883528,,,,,,,,
2023-03-28 13:57:53.900,48.78165434598015,11.475328515058026,,,,,,,,
2023-03-28 13:57:54.000,48.78165428347269,11.47532876271035,48.781652,11.4753626,48.781646,11.475239,48.781642,11.475302,48.781654,11.47533
2023-03-28 13:57:54.000,48.78165428347269,11.47532876271035,48.7816528,11.4753694,48.781646,11.475239,48.781642,11.475302,48.781654,11.47533
2023-03-28 13:57:54.100,48.781654225941246,11.475329009453262,,,,,,,,
2023-03-28 13:57:54.200,48.78165414501894,11.475329277696371,,,,,,,,
2023-03-28 13:57:54.300,48.78165406940578,11.475329603683974,,,,,,,,
2023-03-28 13:57:54.400,48.781653911198575,11.475330045710177,,,,,,,,
2023-03-28 13:57:54.500,48.78165375267607,11.475330513479,,,,,,,,
2023-03-28 13:57:54.600,48.7816536028575,11.475331036804722,,,,,,,,
2023-03-28 13:57:54.700,48.78165344081943,11.475331560870922,,,,,,,,
2023-03-28 13:57:54.800,48.78165327429138,11.475332221387278,,,,,,,,
2023-03-28 13:57:54.900,48.78165315317327,11.47533283702741,,,,,,,,
2023-03-28 13:57:55.000,48.781652964503934,11.475333563269889,48.781653,11.4753775,48.781642,11.475249,48.781642,11.475306,48.78165,11.475334
2023-03-28 13:57:55.000,48.781652964503934,11.475333563269889,48.7816542,11.4753885,48.781642,11.475249,48.781642,11.475306,48.78165,11.475334
2023-03-28 13:57:55.100,48.78165279209976,11.47533421526382,,,,,,,,
2023-03-28 13:57:55.200,48.7816526396782,11.475334915029595,,,,,,,,
2023-03-28 13:57:55.300,48.78165257533339,11.475335556677717,,,,,,,,
2023-03-28 13:57:55.400,48.78165241602908,11.475336288626586,,,,,,,,
2023-03-28 13:57:55.500,48.78165232373161,11.47533703275882,,,,,,,,
2023-03-28 13:57:55.600,48.78165219201615,11.475337806658452,,,,,,,,
2023-03-28 13:57:55.700,48.78165207315467,11.47533860947488,,,,,,,,
2023-03-28 13:57:55.800,48.78165192819869,11.475339419913196,,,,,,,,
2023-03-28 13:57:55.900,48.78165182989015,11.47534020493197,,,,,,,,
2023-03-28 13:57:56.000,48.78165170026828,11.47534098884245,48.7816548,11.4753938,48.781642,11.475257,48.781642,11.475313,48.78165,11.47534
2023-03-28 13:57:56.000,48.78165170026828,11.47534098884245,48.781656,11.4754095,48.781642,11.475257,48.781642,11.475313,48.78165,11.47534
2023-03-28 13:57:56.100,48.78165157240072,11.475341765478415,,,,,,,,
2023-03-28 13:57:56.200,48.78165143609056,11.47534251763604,,,,,,,,
2023-03-28 13:57:56.300,48.78165129508123,11.47534324656057,,,,,,,,
2023-03-28 13:57:56.400,48.78165113321837,11.475343970986737,,,,,,,,
2023-03-28 13:57:56.500,48.7816509770998,11.475344715971149,,,,,,,,
2023-03-28 13:57:56.600,48.7816508227152,11.47534543201759,,,,,,,,
2023-03-28 13:57:56.700,48.7816506448045,11.475346184784396,,,,,,,,
2023-03-28 13:57:56.800,48.78165048958502,11.475346916609476,,,,,,,,
2023-03-28 13:57:56.900,48.78165029422272,11.475347661176912,,,,,,,,
2023-03-28 13:57:57.000,48.781650130613954,11.47534842853997,48.7816564,11.475414,,,48.781639,11.475319,48.78165,11.475347
2023-03-28 13:57:57.000,48.781650130613954,11.47534842853997,48.7816564,11.4754281,,,48.781639,11.475319,48.78165,11.475347
2023-03-28 13:57:57.100,48.78164995386189,11.475349225504669,,,,,,,,
2023-03-28 13:57:57.200,48.78164977236099,11.475350041694853,,,,,,,,
2023-03-28 13:57:57.300,48.78164960187269,11.475350869065013,,,,,,,,
2023-03-28 13:57:57.400,48.78164937100236,11.475351796000108,,,,,,,,
2023-03-28 13:57:57.500,48.78164916593927,11.475352693435935,,,,,,,,
2023-03-28 13:57:57.600,48.78164897765313,11.475353587010794,,,,,,,,
2023-03-28 13:57:57.700,48.78164873472844,11.475354491077267,,,,,,,,
2023-03-28 13:57:57.800,48.781648548829374,11.475355393540612,,,,,,,,
2023-03-28 13:57:57.900,48.78164830439477,11.47535629523838,,,,,,,,
2023-03-28 13:57:58.000,48.78164808318742,11.47535727361565,48.7816559,11.4754416,48.7816,11.475334,48.781639,11.475328,48.78165,11.475354
2023-03-28 13:57:58.000,48.78164808318742,11.47535727361565,48.7816545,11.4754586,48.7816,11.475334,48.781639,11.475328,48.78165,11.475354
2023-03-28 13:57:58.100,48.781647838073845,11.475358238923098,,,,,,,,
2023-03-28 13:57:58.200,48.78164757460315,11.475359211523257,,,,,,,,
2023-03-28 13:57:58.300,48.78164729347871,11.475360211737833,,,,,,,,
2023-03-28 13:57:58.400,48.781647069107095,11.475361218689493,,,,,,,,
2023-03-28 13:57:58.500,48.7816468157266,11.475362148471156,,,,,,,,
2023-03-28 13:57:58.600,48.78164656069913,11.47536314672951,,,,,,,,
2023-03-28 13:57:58.700,48.78164630995846,11.475364136878271,,,,,,,,
2023-03-28 13:57:58.800,48.78164607718603,11.47536515010114,,,,,,,,
2023-03-28 13:57:58.900,48.78164578774536,11.47536615243773,,,,,,,,
2023-03-28 13:57:59.000,48.78164552123128,11.475367226496006,48.7816527,11.4754716,48.78162,11.475387,48.781635,11.475338,48.781646,11.475362
2023-03-28 13:57:59.100,48.78164522812159,11.475368231171489,,,,,,,,
2023-03-28 13:57:59.200,48.78164497555648,11.475369235877151,,,,,,,,
2023-03-28 13:57:59.300,48.78164468199316,11.475370254686622,,,,,,,,
2023-03-28 13:57:59.400,48.78164442020925,11.475371244006917,,,,,,,,
2023-03-28 13:57:59.500,48.78164413545058,11.475372188505466,,,,,,,,
2023-03-28 13:57:59.600,48.78164386308531,11.475373227545326,,,,,,,,
2023-03-28 13:57:59.700,48.78164355303571,11.47537424752744,,,,,,,,
2023-03-28 13:57:59.800,48.78164325988303,11.475375287899723,,,,,,,,
2023-03-28 13:57:59.900,48.78164296128276,11.475376278962312,,,,,,,,
2023-03-28 13:58:00.000,48.78164272077539,11.475377292420434,48.7816509,11.4754822,48.78162,11.475329,48.781635,11.475349,48.781646,11.475371
2023-03-28 13:58:00.100,48.78164241600601,11.475378305778197,,,,,,,,
2023-03-28 13:58:00.200,48.78164214499285,11.47537932887978,,,,,,,,
2023-03-28 13:58:00.300,48.781641859842296,11.4753803675987,,,,,,,,
2023-03-28 13:58:00.400,48.781641598647695,11.475381395493804,,,,,,,,
2023-03-28 13:58:00.500,48.78164127934275,11.47538237460147,,,,,,,,
2023-03-28 13:58:00.600,48.78164102311186,11.475383416259216,,,,,,,,
2023-03-28 13:58:00.700,48.781640761631536,11.47538447499342,,,,,,,,
2023-03-28 13:58:00.800,48.78164048928115,11.475385561910326,,,,,,,,
2023-03-28 13:58:00.900,48.78164021963483,11.475386663886349,,,,,,,,
2023-03-28 13:58:01.000,48.78163991103028,11.475387757252362,48.7816472,11.4755032,48.781608,11.475342,48.781631,11.475359,48.781642,11.475381
2023-03-28 13:58:01.000,48.78163991103028,11.475387757252362,48.7816444,11.4755176,48.781608,11.475342,48.781631,11.475359,48.781642,11.475381
2023-03-28 13:58:01.100,48.78163964690137,11.475388886705648,,,,,,,,
2023-03-28 13:58:01.200,48.781639366707694,11.475390060070016,,,,,,,,
2023-03-28 13:58:01.300,48.78163913190893,11.475391230111589,,,,,,,,
2023-03-28 13:58:01.400,48.78163894562839,11.475392413722348,,,,,,,,
2023-03-28 13:58:01.500,48.78163872114944,11.475393585792766,,,,,,,,
2023-03-28 13:58:01.600,48.78163850715784,11.47539481736558,,,,,,,,
2023-03-28 13:58:01.700,48.78163829054967,11.475395989969314,,,,,,,,
2023-03-28 13:58:01.800,48.7816380386284,11.475397181336312,,,,,,,,
2023-03-28 13:58:01.900,48.78163781680664,11.475398458079791,,,,,,,,
2023-03-28 13:58:02.000,48.78163759109764,11.475399686062117,48.7816423,11.4755291,,,48.781627,11.475372,48.781642,11.475392
2023-03-28 13:58:02.000,48.78163759109764,11.475399686062117,48.7816387,11.4755456,,,48.781627,11.475372,48.781642,11.475392
2023-03-28 13:58:02.100,48.78163737333887,11.475400910414049,,,,,,,,
2023-03-28 13:58:02.200,48.78163709554291,11.475402237646344,,,,,,,,
2023-03-28 13:58:02.300,48.78163684972058,11.47540356273398,,,,,,,,
2023-03-28 13:58:02.400,48.7816365898575,11.475404883446132,,,,,,,,
2023-03-28 13:58:02.500,48.7816363947708,11.475406193424936,,,,,,,,
2023-03-28 13:58:02.600,48.78163615638034,11.47540748184233,,,,,,,,
2023-03-28 13:58:02.700,48.78163593455708,11.47540875535967,,,,,,,,
2023-03-28 13:58:02.800,48.78163565371804,11.47541007407831,,,,,,,,
2023-03-28 13:58:02.900,48.78163539022777,11.475411384222568,,,,,,,,
2023-03-28 13:58:03.000,48.78163515342995,11.47541263879713,48.7816375,11.47555,48.781608,11.475342,48.781623,11.475385,48.781639,11.475404
2023-03-28 13:58:03.000,48.78163515342995,11.47541263879713,48.7816313,11.4755675,48.781608,11.475342,48.781623,11.475385,48.781639,11.475404
2023-03-28 13:58:03.100,48.78163489672703,11.475413877532157,,,,,,,,
2023-03-28 13:58:03.200,48.78163459088077,11.47541514816781,,,,,,,,
2023-03-28 13:58:03.300,48.78163431728952,11.475416354333312,,,,,,,,
2023-03-28 13:58:03.400,48.78163404094673,11.475417557190408,,,,,,,,
2023-03-28 13:58:03.500,48.78163377637298,11.475418734708612,,,,,,,,
2023-03-28 13:58:03.600,48.78163348087968,11.47541996418291,,,,,,,,
2023-03-28 13:58:03.700,48.78163320809004,11.475421152625888,,,,,,,,
2023-03-28 13:58:03.800,48.78163295372386,11.475422340021572,,,,,,,,
2023-03-28 13:58:03.900,48.78163264699927,11.475423410333873,,,,,,,,
2023-03-28 13:58:04.000,48.781632372624046,11.47542449654602,48.7816295,11.4755705,,,48.781623,11.475396,48.781639,11.475416
2023-03-28 13:58:04.000,48.781632372624046,11.47542449654602,48.7816242,11.4755886,,,48.781623,11.475396,48.781639,11.475416
2023-03-28 13:58:04.100,48.781632280756,11.47542568434598,,,,,,,,
2023-03-28 13:58:04.200,48.78163189866014,11.4754267589627,,,,,,,,
2023-03-28 13:58:04.300,48.78163166327834,11.475427803189575,,,,,,,,
2023-03-28 13:58:04.400,48.78163152485626,11.475428950575504,,,,,,,,
2023-03-28 13:58:04.500,48.78163129237031,11.475430105423351,,,,,,,,
2023-03-28 13:58:04.600,48.78163104394383,11.47543124705665,,,,,,,,
2023-03-28 13:58:04.700,48.78163084346646,11.475432437428832,,,,,,,,
2023-03-28 13:58:04.800,48.7816306348095,11.475433651506108,,,,,,,,
2023-03-28 13:58:04.900,48.78163043015952,11.475434792280746,,,,,,,,
2023-03-28 13:58:05.000,48.78163024421914,11.475436002596146,48.7816235,11.4755908,48.781608,11.475342,48.78162,11.475404,48.781635,11.475428
2023-03-28 13:58:05.000,48.78163024421914,11.475436002596146,48.7816199,11.4756108,48.781608,11.475342,48.78162,11.475404,48.781635,11.475428
2023-03-28 13:58:05.100,48.78163004962347,11.475437293172,,,,,,,,
2023-03-28 13:58:05.200,48.78162988993064,11.475438584551638,,,,,,,,
2023-03-28 13:58:05.300,48.781629671500575,11.47543989009936,,,,,,,,
2023-03-28 13:58:05.400,48.78162946953095,11.475441245721967,,,,,,,,
2023-03-28 13:58:05.500,48.7816292782993,11.475442624179411,,,,,,,,
2023-03-28 13:58:05.600,48.781629130486266,11.47544401202532,,,,,,,,
2023-03-28 13:58:05.700,48.781628948348825,11.475445354132162,,,,,,,,
2023-03-28 13:58:05.800,48.781628696834126,11.47544680729848,,,,,,,,
2023-03-28 13:58:05.900,48.78162854720337,11.475448238795686,,,,,,,,
2023-03-28 13:58:06.000,48.78162835055439,11.475449707210608,48.7816177,11.4756294,,,,,,
2023-03-28 13:58:06.100,48.7816281328242,11.475451212108688,,,,,,,,
2023-03-28 13:58:06.200,48.78162794972932,11.475452706491962,,,,,,,,
2023-03-28 13:58:06.300,48.78162778602287,11.475454185892143,,,,,,,,
2023-03-28 13:58:06.400,48.78162761304921,11.475455697166334,,,,,,,,
2023-03-28 13:58:06.500,48.78162741673425,11.47545721384786,,,,,,,,
2023-03-28 13:58:06.600,48.78162719412418,11.47545876604604,,,,,,,,
2023-03-28 13:58:06.700,48.78162703120447,11.475460268958432,,,,,,,,
2023-03-28 13:58:06.800,48.78162682383062,11.47546172539958,,,,,,,,
2023-03-28 13:58:06.900,48.78162664464744,11.475463175531551,,,,,,,,
2023-03-28 13:58:07.000,48.78162642304553,11.475464753142267,48.7816161,11.4756438,,,48.781612,11.475433,48.781635,11.475457
2023-03-28 13:58:07.100,48.78162619824115,11.475466324390188,,,,,,,,
2023-03-28 13:58:07.200,48.7816259652423,11.475467891483852,,,,,,,,
2023-03-28 13:58:07.300,48.781625737687946,11.475469458684907,,,,,,,,
2023-03-28 13:58:07.400,48.78162553023429,11.475471031042588,,,,,,,,
2023-03-28 13:58:07.500,48.78162524455919,11.475472634937155,,,,,,,,
2023-03-28 13:58:07.600,48.781624928117495,11.475474202904309,,,,,,,,
2023-03-28 13:58:07.700,48.78162465487851,11.475475804377638,,,,,,,,
2023-03-28 13:58:07.800,48.78162434053255,11.475477346770056,,,,,,,,
2023-03-28 13:58:07.900,48.78162399279722,11.475478949089194,,,,,,,,
2023-03-28 13:58:08.000,48.78162369222523,11.475480478459744,48.7816144,11.4756543,,,48.781608,11.47545,48.781631,11.475472
2023-03-28 13:58:08.000,48.78162369222523,11.475480478459744,48.7816131,11.4756637,,,48.781608,11.47545,48.781631,11.475472
2023-03-28 13:58:08.100,48.78162333045019,11.47548208287699,,,,,,,,
2023-03-28 13:58:08.200,48.781622976458,11.47548364994044,,,,,,,,
2023-03-28 13:58:08.300,48.78162264860782,11.47548521679573,,,,,,,,
2023-03-28 13:58:08.400,48.781622294047736,11.475486787072548,,,,,,,,
2023-03-28 13:58:08.500,48.78162190699872,11.475488347823813,,,,,,,,
2023-03-28 13:58:08.600,48.78162152135465,11.475489906491385,,,,,,,,
2023-03-28 13:58:08.700,48.78162119768574,11.475491537382284,,,,,,,,
2023-03-28 13:58:08.800,48.78162078859156,11.475493102199309,,,,,,,,
2023-03-28 13:58:08.900,48.781620443843146,11.475494609545766,,,,,,,,
2023-03-28 13:58:09.000,48.78162008880665,11.47549618053246,48.781611,11.4756754,48.781604,11.475384,,,,
2023-03-28 13:58:09.000,48.78162008880665,11.47549618053246,48.7816084,11.4756903,48.781604,11.475384,,,,
2023-03-28 13:58:09.100,48.7816196997547,11.475497731948144,,,,,,,,
2023-03-28 13:58:09.200,48.78161929380908,11.475499294367395,,,,,,,,
2023-03-28 13:58:09.300,48.78161888234078,11.475500883617537,,,,,,,,
2023-03-28 13:58:09.400,48.7816185573909,11.475502495036622,,,,,,,,
2023-03-28 13:58:09.500,48.78161803406722,11.475504080948973,,,,,,,,
2023-03-28 13:58:09.600,48.78161767604077,11.475505695040024,,,,,,,,
2023-03-28 13:58:09.700,48.78161727342641,11.475507260311758,,,,,,,,
2023-03-28 13:58:09.700,48.78161687895131,11.475508890285646,,,,,,,,
2023-03-28 13:58:09.900,48.78161646915242,11.47551044661788,,,,,,,,
2023-03-28 13:58:10.000,48.78161607748232,11.4755120056938,48.7816077,11.4756945,48.78162,11.475378,48.781597,11.475479,48.781627,11.475502
2023-03-28 13:58:10.000,48.78161565579668,11.47551355043064,48.7816077,11.4756945,48.78162,11.475378,48.781597,11.475479,48.781627,11.475502
2023-03-28 13:58:10.100,48.78161531259466,11.475515158244155,,,,,,,,
2023-03-28 13:58:10.200,48.781614909313,11.475516834664084,,,,,,,,
2023-03-28 13:58:10.300,48.78161444611433,11.475518520159069,,,,,,,,
2023-03-28 13:58:10.400,48.78161407788809,11.475520179393524,,,,,,,,
2023-03-28 13:58:10.600,48.78161372285682,11.475521814768838,,,,,,,,
2023-03-28 13:58:10.600,48.78161339681367,11.475523434406927,,,,,,,,
2023-03-28 13:58:10.800,48.78161309608789,11.475525115318373,,,,,,,,
2023-03-28 13:58:10.800,48.78161274033456,11.47552678838652,,,,,,,,
2023-03-28 13:58:11.000,48.78161241376998,11.475528531457789,48.7816044,11.4757112,48.78162,11.475396,48.781593,11.475492,48.781623,11.47552
2023-03-28 13:58:11.000,48.78161241376998,11.475528531457789,48.7816014,11.4757251,48.78162,11.475396,48.781593,11.475492,48.781623,11.47552
2023-03-28 13:58:11.000,48.78161211241513,11.475530210437237,48.7816044,11.4757112,48.78162,11.475396,48.781593,11.475492,48.781623,11.47552
2023-03-28 13:58:11.000,48.78161211241513,11.475530210437237,48.7816014,11.4757251,48.78162,11.475396,48.781593,11.475492,48.781623,11.47552
2023-03-28 13:58:11.100,48.78161179259964,11.475531882039208,,,,,,,,
2023-03-28 13:58:11.200,48.78161146953491,11.47553354679656,,,,,,,,
2023-03-28 13:58:11.300,48.78161117086599,11.475535249760918,,,,,,,,
2023-03-28 13:58:11.400,48.78161087673664,11.475537010738236,,,,,,,,
2023-03-28 13:58:11.500,48.7816105249695,11.475538760722214,,,,,,,,
2023-03-28 13:58:11.600,48.78161021089564,11.475540535804775,,,,,,,,
2023-03-28 13:58:11.700,48.78160983260283,11.475542340676508,,,,,,,,
2023-03-28 13:58:11.800,48.78160948224312,11.475544059458684,,,,,,,,
2023-03-28 13:58:11.900,48.78160911703015,11.475545847266249,,,,,,,,
2023-03-28 13:58:12.100,48.78160870629243,11.475547667094036,,,,,,,,
2023-03-28 13:58:12.200,48.781608298693214,11.475549489576554,,,,,,,,
2023-03-28 13:58:12.300,48.78160783660479,11.47555131801074,,,,,,,,
2023-03-28 13:58:12.400,48.781607369866734,11.475553194594482,,,,,,,,
2023-03-28 13:58:12.500,48.78160688425743,11.475555053772723,,,,,,,,
2023-03-28 13:58:12.600,48.781606434800864,11.475556950800083,,,,,,,,
2023-03-28 13:58:12.700,48.7816059496862,11.4755587811085,,,,,,,,
2023-03-28 13:58:12.800,48.78160544989656,11.475560626960004,,,,,,,,
2023-03-28 13:58:12.900,48.78160492778228,11.475562465843325,,,,,,,,
2023-03-28 13:58:13.000,48.78160440930995,11.475564272307844,48.7815965,11.475747,,,,,,
2023-03-28 13:58:13.000,48.78160440930995,11.475564272307844,48.7815915,11.4757614,,,,,,
2023-03-28 13:58:13.100,48.781603927700814,11.47556608988038,,,,,,,,
2023-03-28 13:58:13.200,48.78160340218498,11.475567913266994,,,,,,,,
2023-03-28 13:58:13.300,48.78160294566901,11.47556970459469,,,,,,,,
2023-03-28 13:58:13.400,48.78160249498092,11.475571504209311,,,,,,,,
2023-03-28 13:58:13.500,48.78160205279216,11.475573304259497,,,,,,,,
2023-03-28 13:58:13.600,48.78160161670648,11.475575106599845,,,,,,,,
2023-03-28 13:58:13.700,48.78160120909738,11.475576936988402,,,,,,,,
2023-03-28 13:58:13.800,48.78160076198643,11.475578753467456,,,,,,,,
2023-03-28 13:58:13.900,48.78160031649188,11.475580553217688,,,,,,,,
2023-03-28 13:58:14.000,48.78159988659456,11.475582312389944,48.7815864,11.4757698,,,48.781581,11.475545,48.781608,11.475573
2023-03-28 13:58:14.000,48.78159988659456,11.475582312389944,48.7815825,11.4757752,,,48.781581,11.475545,48.781608,11.475573
2023-03-28 13:58:14.100,48.7815994332777,11.47558411867923,,,,,,,,
2023-03-28 13:58:14.200,48.78159900928265,11.47558595632163,,,,,,,,
2023-03-28 13:58:14.300,48.781598592603935,11.47558774113811,,,,,,,,
2023-03-28 13:58:14.400,48.7815981698614,11.475589536848736,,,,,,,,
2023-03-28 13:58:14.500,48.78159774062284,11.475591334029794,,,,,,,,
2023-03-28 13:58:14.600,48.78159732120814,11.475593152562444,,,,,,,,
2023-03-28 13:58:14.700,48.78159688791537,11.47559497348218,,,,,,,,
2023-03-28 13:58:14.800,48.78159646059383,11.475596752060094,,,,,,,,
2023-03-28 13:58:14.900,48.78159607140491,11.475598454366896,,,,,,,,
2023-03-28 13:58:15.000,48.78159563872491,11.475600276463831,48.7815785,11.4757785,48.781597,11.475588,48.781574,11.475563,48.781608,11.475592
2023-03-28 13:58:15.100,48.781595258842536,11.475602050523868,,,,,,,,
2023-03-28 13:58:15.200,48.781594849447146,11.475603820975191,,,,,,,,
2023-03-28 13:58:15.300,48.78159446427233,11.475605578386192,,,,,,,,
2023-03-28 13:58:15.400,48.78159406522055,11.475607349786374,,,,,,,,
2023-03-28 13:58:15.500,48.78159366675747,11.475609063476108,,,,,,,,
2023-03-28 13:58:15.600,48.78159324208063,11.475610829824648,,,,,,,,
2023-03-28 13:58:15.700,48.78159282484614,11.475612563792389,,,,,,,,
2023-03-28 13:58:15.800,48.78159229542068,11.475614228343222,,,,,,,,
2023-03-28 13:58:15.900,48.78159188702951,11.475615929880568,,,,,,,,
2023-03-28 13:58:16.000,48.781591414280655,11.475617654929954,48.7815705,11.4757863,48.78162,11.475581,48.78157,11.475581,48.781604,11.47561
2023-03-28 13:58:16.000,48.781591414280655,11.475617654929954,48.7815637,11.4757917,48.78162,11.475581,48.78157,11.475581,48.781604,11.47561
2023-03-28 13:58:16.100,48.78159095248054,11.475619355419552,,,,,,,,
2023-03-28 13:58:16.200,48.7815905204012,11.475621025489472,,,,,,,,
2023-03-28 13:58:16.300,48.78159006704129,11.475622762793124,,,,,,,,
2023-03-28 13:58:16.400,48.78158962989436,11.47562442074111,,,,,,,,
2023-03-28 13:58:16.500,48.78158914489362,11.475626119685703,,,,,,,,
2023-03-28 13:58:16.600,48.78158871254586,11.47562777889735,,,,,,,,
2023-03-28 13:58:16.700,48.78158826974068,11.47562947466768,,,,,,,,
2023-03-28 13:58:16.800,48.78158781907826,11.47563113739797,,,,,,,,
2023-03-28 13:58:16.900,48.78158742986578,11.475632768219892,,,,,,,,
2023-03-28 13:58:17.000,48.781587013846334,11.475634422014746,48.7815581,11.4757946,48.781642,11.47556,48.781566,11.475599,48.7816,11.475628
2023-03-28 13:58:17.000,48.781587013846334,11.475634422014746,48.78155,11.4757955,48.781642,11.47556,48.781566,11.475599,48.7816,11.475628
2023-03-28 13:58:17.100,48.78158658240948,11.475636104382303,,,,,,,,
2023-03-28 13:58:17.200,48.781586161874586,11.475637794918264,,,,,,,,
2023-03-28 13:58:17.300,48.78158575343302,11.475639429520603,,,,,,,,
2023-03-28 13:58:17.400,48.78158533128332,11.475641112176652,,,,,,,,
2023-03-28 13:58:17.500,48.78158491992452,11.47564271224664,,,,,,,,
2023-03-28 13:58:17.600,48.78158448376967,11.475644335862189,,,,,,,,
2023-03-28 13:58:17.700,48.78158408882496,11.475645981391663,,,,,,,,
2023-03-28 13:58:17.800,48.78158364074115,11.475647602607234,,,,,,,,
2023-03-28 13:58:17.900,48.78158322051069,11.475649218237018,,,,,,,,
2023-03-28 13:58:18.000,48.781582773213465,11.475650832865298,48.7815447,11.4757951,48.781658,11.475571,48.781562,11.47562,48.781597,11.475645
2023-03-28 13:58:18.000,48.781582773213465,11.475650832865298,48.7815316,11.475791,48.781658,11.475571,48.781562,11.47562,48.781597,11.475645
2023-03-28 13:58:18.100,48.78158234501544,11.475652419206922,,,,,,,,
2023-03-28 13:58:18.200,48.781581915369536,11.475653992299089,,,,,,,,
2023-03-28 13:58:18.300,48.781581456908334,11.475655551206687,,,,,,,,
2023-03-28 13:58:18.400,48.78158099347438,11.475657069128722,,,,,,,,
2023-03-28 13:58:18.500,48.78158057736604,11.475658577776276,,,,,,,,
2023-03-28 13:58:18.600,48.7815801542732,11.475660105862998,,,,,,,,
2023-03-28 13:58:18.700,48.7815797299996,11.475661654369771,,,,,,,,
2023-03-28 13:58:18.800,48.78157924893794,11.475663215116333,,,,,,,,
2023-03-28 13:58:18.900,48.781578777834135,11.475664725828429,,,,,,,,
2023-03-28 13:58:19.000,48.78157836619419,11.475666375809483,48.7815279,11.4757881,,,48.781562,11.475635,48.781593,11.475662
2023-03-28 13:58:19.000,48.78157836619419,11.475666375809483,48.7815172,11.4757805,,,48.781562,11.475635,48.781593,11.475662
2023-03-28 13:58:19.100,48.78157792042092,11.475667965665568,,,,,,,,
2023-03-28 13:58:19.200,48.78157747919678,11.475669570607858,,,,,,,,
2023-03-28 13:58:19.300,48.78157707918576,11.475671196568834,,,,,,,,
2023-03-28 13:58:19.400,48.78157664982233,11.475672755913887,,,,,,,,
2023-03-28 13:58:19.500,48.781576213533214,11.47567441208708,,,,,,,,
2023-03-28 13:58:19.600,48.78157578920375,11.475676057532343,,,,,,,,
2023-03-28 13:58:19.700,48.78157537814837,11.475677697789449,,,,,,,,
2023-03-28 13:58:19.800,48.78157495599078,11.475679304870608,,,,,,,,
2023-03-28 13:58:19.900,48.781574585896536,11.475680959201908,,,,,,,,
2023-03-28 13:58:20.000,48.78157414090315,11.475682622920065,48.7815142,11.4757778,,,,,,
2023-03-28 13:58:20.100,48.78157376645284,11.4756842713283,,,,,,,,
2023-03-28 13:58:20.200,48.78157337786385,11.475685953177832,,,,,,,,
2023-03-28 13:58:20.300,48.78157295039276,11.47568762235417,,,,,,,,
2023-03-28 13:58:20.400,48.7815724829383,11.47568930673108,,,,,,,,
2023-03-28 13:58:20.500,48.78157205482435,11.475690969168834,,,,,,,,
2023-03-28 13:58:20.600,48.7815716769083,11.475692597225304,,,,,,,,
2023-03-28 13:58:20.700,48.78157123543709,11.475694259874116,,,,,,,,
2023-03-28 13:58:20.800,48.78157078972095,11.47569597694603,,,,,,,,
2023-03-28 13:58:20.900,48.781570263735794,11.475697646610469,,,,,,,,
2023-03-28 13:58:21.000,48.78156981627067,11.475699334262046,48.781498,11.4757664,48.781658,11.475571,,,,
2023-03-28 13:58:21.000,48.78156981627067,11.475699334262046,48.7814841,11.4757575,48.781658,11.475571,,,,
2023-03-28 13:58:21.100,48.78156940951158,11.475701002688764,,,,,,,,
2023-03-28 13:58:21.200,48.78156895791076,11.475702698416711,,,,,,,,
2023-03-28 13:58:21.300,48.78156854276757,11.475704325675308,,,,,,,,
2023-03-28 13:58:21.400,48.78156814203606,11.475706025647163,,,,,,,,
2023-03-28 13:58:21.500,48.78156771781414,11.475707637237166,,,,,,,,
2023-03-28 13:58:21.600,48.78156730950472,11.475709305018473,,,,,,,,
2023-03-28 13:58:21.700,48.78156687436662,11.475711007051334,,,,,,,,
2023-03-28 13:58:21.800,48.781566425630174,11.475712668922773,,,,,,,,
2023-03-28 13:58:21.900,48.78156603105416,11.475714302042451,,,,,,,,
2023-03-28 13:58:22.000,48.7815655843267,11.475715978938156,48.7814753,11.4757525,,,48.781539,11.475678,48.78157,11.475714
2023-03-28 13:58:22.100,48.78156515496102,11.475717563608097,,,,,,,,
2023-03-28 13:58:22.200,48.78156473571568,11.475719171707832,,,,,,,,
2023-03-28 13:58:22.300,48.78156427285775,11.47572075756416,,,,,,,,
2023-03-28 13:58:22.400,48.78156379087979,11.475722393326448,,,,,,,,
2023-03-28 13:58:22.500,48.78156331835647,11.475723952042124,,,,,,,,
2023-03-28 13:58:22.600,48.781562873873845,11.475725547944103,,,,,,,,
2023-03-28 13:58:22.700,48.78156237018713,11.47572713515597,,,,,,,,
2023-03-28 13:58:22.800,48.78156188348067,11.47572872446836,,,,,,,,
2023-03-28 13:58:22.900,48.78156137891343,11.475730232601618,,,,,,,,
2023-03-28 13:58:23.000,48.7815608258127,11.475731773662348,48.7814631,11.4757452,48.781589,11.47567,48.781532,11.475687,48.781562,11.47573
2023-03-28 13:58:23.100,48.78156030255801,11.475733340229723,,,,,,,,
2023-03-28 13:58:23.200,48.781559767247685,11.475734876046236,,,,,,,,
2023-03-28 13:58:23.300,48.78155918558261,11.475736329619243,,,,,,,,
2023-03-28 13:58:23.400,48.7815585388541,11.475737789885477,,,,,,,,
2023-03-28 13:58:23.500,48.78155792891688,11.475739175381632,,,,,,,,
2023-03-28 13:58:23.600,48.78155728214783,11.475740618202147,,,,,,,,
2023-03-28 13:58:23.700,48.7815565310536,11.475742022322995,,,,,,,,
2023-03-28 13:58:23.800,48.7815557780981,11.475743383899598,,,,,,,,
2023-03-28 13:58:23.900,48.78155496805884,11.475744684518444,,,,,,,,
2023-03-28 13:58:24.000,48.78155422215213,11.47574597977176,48.7814479,11.4757412,48.781589,11.47567,48.781528,11.475705,48.781558,11.475743
2023-03-28 13:58:24.100,48.78155344627445,11.475747320053827,,,,,,,,
2023-03-28 13:58:24.200,48.78155258963783,11.47574864744026,,,,,,,,
2023-03-28 13:58:24.300,48.781551698433006,11.475749846939406,,,,,,,,
2023-03-28 13:58:24.400,48.78155080003735,11.475751032225403,,,,,,,,
2023-03-28 13:58:24.500,48.78154999713742,11.475752229195455,,,,,,,,
2023-03-28 13:58:24.600,48.78154908475815,11.47575349847524,,,,,,,,
2023-03-28 13:58:24.700,48.78154813390128,11.475754650708735,,,,,,,,
2023-03-28 13:58:24.800,48.781547205588126,11.47575581782765,,,,,,,,
2023-03-28 13:58:24.900,48.78154626234059,11.47575699551304,,,,,,,,
2023-03-28 13:58:25.000,48.78154530231895,11.475758195885712,48.7814311,11.4757391,48.781589,11.47567,48.78152,11.47572,48.781551,11.475754
2023-03-28 13:58:25.100,48.78154436895499,11.475759375761257,,,,,,,,
2023-03-28 13:58:25.200,48.78154341606418,11.475760454121476,,,,,,,,
2023-03-28 13:58:25.300,48.78154242817124,11.475761475471293,,,,,,,,
2023-03-28 13:58:25.400,48.78154143005155,11.47576257416611,,,,,,,,
2023-03-28 13:58:25.500,48.781540469352926,11.47576360368526,,,,,,,,
2023-03-28 13:58:25.600,48.78153943965988,11.47576460286752,,,,,,,,
2023-03-28 13:58:25.700,48.78153847674246,11.475765578390536,,,,,,,,
2023-03-28 13:58:25.800,48.781537467908905,11.475766493908552,,,,,,,,
2023-03-28 13:58:25.900,48.78153642532326,11.475767417480771,,,,,,,,
2023-03-28 13:58:26.000,48.78153539100903,11.475768342574884,48.7814182,11.4757324,,,48.781517,11.475732,48.781543,11.475764
2023-03-28 13:58:26.100,48.78153436788872,11.475769200004292,,,,,,,,
2023-03-28 13:58:26.200,48.78153335478256,11.47576998490787,,,,,,,,
2023-03-28 13:58:26.300,48.78153225634114,11.475770694886467,,,,,,,,
2023-03-28 13:58:26.400,48.78153117652673,11.475771374488469,,,,,,,,
2023-03-28 13:58:26.500,48.78153011856616,11.475771993813485,,,,,,,,
2023-03-28 13:58:26.600,48.78152904460764,11.47577265304892,,,,,,,,
2023-03-28 13:58:26.700,48.78152796431036,11.475773243553029,,,,,,,,
2023-03-28 13:58:26.800,48.78152686235288,11.475773738664198,,,,,,,,
2023-03-28 13:58:26.900,48.78152575685014,11.47577419893532,,,,,,,,
2023-03-28 13:58:27.000,48.78152460544445,11.475774625452727,48.7813992,11.475728,48.781547,11.475782,48.781513,11.475742,48.781536,11.475769
2023-03-28 13:58:27.100,48.7815235442496,11.475774933392469,,,,,,,,
2023-03-28 13:58:27.200,48.78152238007168,11.47577534849775,,,,,,,,
2023-03-28 13:58:27.300,48.78152130191491,11.475775329086952,,,,,,,,
2023-03-28 13:58:27.400,48.78152020604955,11.475775539708636,,,,,,,,
2023-03-28 13:58:27.500,48.78151916433471,11.475775536171923,,,,,,,,
2023-03-28 13:58:27.600,48.781518025056016,11.47577561455739,,,,,,,,
2023-03-28 13:58:27.700,48.78151695796843,11.475775556582336,,,,,,,,
2023-03-28 13:58:27.800,48.7815158305799,11.475775388786,,,,,,,,
2023-03-28 13:58:27.900,48.78151470576653,11.475775329788467,,,,,,,,
2023-03-28 13:58:28.000,48.78151355530352,11.475775260217285,48.7813869,11.4757259,48.781547,11.47589,48.781501,11.475745,48.781524,11.475769
2023-03-28 13:58:28.100,48.78151246314621,11.4757749870087,,,,,,,,
2023-03-28 13:58:28.200,48.78151128213566,11.475774752502357,,,,,,,,
2023-03-28 13:58:28.300,48.78151019683054,11.475774413362116,,,,,,,,
2023-03-28 13:58:28.400,48.781509082270894,11.475774026609283,,,,,,,,
2023-03-28 13:58:28.500,48.78150797264958,11.475773511207263,,,,,,,,
2023-03-28 13:58:28.600,48.78150686880578,11.475773084582812,,,,,,,,
2023-03-28 13:58:28.700,48.78150572135405,11.475772581009352,,,,,,,,
2023-03-28 13:58:28.800,48.78150453405416,11.47577207121546,,,,,,,,
2023-03-28 13:58:28.900,48.78150342763331,11.475771433728807,,,,,,,,
2023-03-28 13:58:29.000,48.78150230298882,11.475770682102388,48.7813761,11.4757196,,,48.781486,11.475743,48.781513,11.475766
2023-03-28 13:58:29.100,48.78150122037853,11.4757700363642,,,,,,,,
2023-03-28 13:58:29.200,48.781500094290486,11.475769332502686,,,,,,,,
2023-03-28 13:58:29.300,48.78149899930389,11.475768488506514,,,,,,,,
2023-03-28 13:58:29.400,48.78149788352994,11.475767741031996,,,,,,,,
2023-03-28 13:58:29.500,48.78149674544876,11.47576706955251,,,,,,,,
2023-03-28 13:58:29.600,48.781495629942135,11.475766246558424,,,,,,,,
2023-03-28 13:58:29.700,48.78149452513659,11.47576542780591,,,,,,,,
2023-03-28 13:58:29.800,48.78149335688182,11.475764664205736,,,,,,,,
2023-03-28 13:58:29.900,48.78149224682517,11.475763869130402,,,,,,,,
2023-03-28 13:58:30.000,48.78149109744504,11.475763129856247,48.7813621,11.4757124,,,48.781471,11.475747,48.781505,11.47576
2023-03-28 13:58:30.100,48.7814899676014,11.475762393465846,,,,,,,,
2023-03-28 13:58:30.200,48.78148885994601,11.47576158060278,,,,,,,,
2023-03-28 13:58:30.300,48.7814877957486,11.475760775136123,,,,,,,,
2023-03-28 13:58:30.400,48.781486676348045,11.475760098491468,,,,,,,,
2023-03-28 13:58:30.500,48.78148560348643,11.475759321213983,,,,,,,,
2023-03-28 13:58:30.600,48.7814845607691,11.47575849913015,,,,,,,,
2023-03-28 13:58:30.700,48.78148344895232,11.475757759907644,,,,,,,,
2023-03-28 13:58:30.800,48.78148239026564,11.475757049147624,,,,,,,,
2023-03-28 13:58:30.900,48.78148128726174,11.475756308832628,,,,,,,,
2023-03-28 13:58:31.000,48.78148023344104,11.475755587389523,48.7813512,11.475706,,,,,,
2023-03-28 13:58:31.100,48.781479235374974,11.475754814581538,,,,,,,,
2023-03-28 13:58:31.200,48.78147818782503,11.475754074477267,,,,,,,,
2023-03-28 13:58:31.300,48.78147721659113,11.475753344797305,,,,,,,,
2023-03-28 13:58:31.400,48.78147623572861,11.47575254512855,,,,,,,,
2023-03-28 13:58:31.500,48.78147524320781,11.47575183076662,,,,,,,,
2023-03-28 13:58:31.600,48.7814742192703,11.475751107545996,,,,,,,,
2023-03-28 13:58:31.700,48.781473303110495,11.475750329041343,,,,,,,,
2023-03-28 13:58:31.800,48.78147235983885,11.475749512680016,,,,,,,,
2023-03-28 13:58:31.900,48.781471419969975,11.47574877055156,,,,,,,,
2023-03-28 13:58:32.000,48.7814704527238,11.475748024413145,48.781342,11.4756994,48.781547,11.47589,48.781448,11.475747,48.781482,11.475747
2023-03-28 13:58:32.100,48.78146946966011,11.475747362121746,,,,,,,,
2023-03-28 13:58:32.200,48.78146853915556,11.475746614623608,,,,,,,,
2023-03-28 13:58:32.300,48.78146755688843,11.475745766879305,,,,,,,,
2023-03-28 13:58:32.400,48.7814664890596,11.475745115044608,,,,,,,,
2023-03-28 13:58:32.500,48.78146553564444,11.475744378111155,,,,,,,,
2023-03-28 13:58:32.600,48.78146456926636,11.475743617361603,,,,,,,,
2023-03-28 13:58:32.700,48.781463592988366,11.47574283819702,,,,,,,,
2023-03-28 13:58:32.800,48.78146259680784,11.475742095749675,,,,,,,,
2023-03-28 13:58:32.900,48.78146153522846,11.475741415006954,,,,,,,,
2023-03-28 13:58:33.000,48.78146053382688,11.475740652687506,48.7813322,11.4756951,,,48.78144,11.475749,48.781471,11.475739
2023-03-28 13:58:33.100,48.781459513266825,11.47574003208236,,,,,,,,
2023-03-28 13:58:33.200,48.78145848949609,11.475739323729972,,,,,,,,
2023-03-28 13:58:33.300,48.78145753937511,11.475738568705554,,,,,,,,
2023-03-28 13:58:33.400,48.78145651912861,11.475737854034827,,,,,,,,
2023-03-28 13:58:33.500,48.7814554634726,11.475737171022937,,,,,,,,
2023-03-28 13:58:33.600,48.781454436996505,11.475736469888266,,,,,,,,
2023-03-28 13:58:33.700,48.781453435745,11.475735779455226,,,,,,,,
2023-03-28 13:58:33.800,48.78145239601096,11.475735112074004,,,,,,,,
2023-03-28 13:58:33.900,48.7814513649356,11.475734380260723,,,,,,,,
2023-03-28 13:58:34.000,48.781450303543664,11.47573372864634,48.7813162,11.4756931,48.781547,11.47589,48.781429,11.475744,48.781463,11.475731
2023-03-28 13:58:34.100,48.78144922228918,11.475733115653622,,,,,,,,
2023-03-28 13:58:34.200,48.78144814502539,11.475732376732005,,,,,,,,
2023-03-28 13:58:34.300,48.78144710008808,11.475731662964884,,,,,,,,
2023-03-28 13:58:34.400,48.78144600690828,11.475730972165731,,,,,,,,
2023-03-28 13:58:34.500,48.78144490682332,11.475730263177846,,,,,,,,
2023-03-28 13:58:34.600,48.7814438377279,11.47572954766568,,,,,,,,
2023-03-28 13:58:34.700,48.781442757870025,11.475728889666136,,,,,,,,
2023-03-28 13:58:34.800,48.78144170657157,11.47572805449224,,,,,,,,
2023-03-28 13:58:34.900,48.781440620969846,11.475727330875731,,,,,,,,
2023-03-28 13:58:35.000,48.78143947198652,11.475726634125497,48.7813047,11.4756893,,,48.781417,11.47574,48.781452,11.475725
2023-03-28 13:58:35.100,48.78143835653885,11.475725950657104,,,,,,,,
2023-03-28 13:58:35.200,48.78143722162609,11.475725334660474,,,,,,,,
2023-03-28 13:58:35.300,48.78143609118441,11.47572470279792,,,,,,,,
2023-03-28 13:58:35.400,48.78143495953776,11.475724030319652,,,,,,,,
2023-03-28 13:58:35.500,48.78143379140631,11.47572345001296,,,,,,,,
2023-03-28 13:58:35.600,48.781432658344364,11.4757228911305,,,,,,,,
2023-03-28 13:58:35.700,48.78143150415798,11.475722307365183,,,,,,,,
2023-03-28 13:58:35.800,48.78143037255554,11.47572174297244,,,,,,,,
2023-03-28 13:58:35.900,48.781429209793295,11.475721221536356,,,,,,,,
2023-03-28 13:58:36.000,48.781428067441006,11.475720663808897,48.7812922,11.4756775,,,48.781406,11.475739,48.781436,11.475718
2023-03-28 13:58:36.100,48.78142690393501,11.475720102614092,,,,,,,,
2023-03-28 13:58:36.200,48.78142574572496,11.475719575431732,,,,,,,,
2023-03-28 13:58:36.300,48.78142462166826,11.47571897405217,,,,,,,,
2023-03-28 13:58:36.400,48.781423446616834,11.475718436008307,,,,,,,,
2023-03-28 13:58:36.500,48.78142230232503,11.4757178632995,,,,,,,,
2023-03-28 13:58:36.600,48.78142110696857,11.47571735256521,,,,,,,,
2023-03-28 13:58:36.700,48.781419940230286,11.475716787444702,,,,,,,,
2023-03-28 13:58:36.800,48.78141877949236,11.475716199546326,,,,,,,,
2023-03-28 13:58:36.900,48.7814176032877,11.47571560334643,,,,,,,,
2023-03-28 13:58:37.000,48.78141645222276,11.475715001028284,48.7812795,11.4756674,,,,,,
2023-03-28 13:58:37.100,48.78141526610862,11.47571445007172,,,,,,,,
2023-03-28 13:58:37.200,48.78141410398475,11.475713847398266,,,,,,,,
2023-03-28 13:58:37.300,48.781412926136,11.475713293630388,,,,,,,,
2023-03-28 13:58:37.400,48.78141173725116,11.475712760312916,,,,,,,,
2023-03-28 13:58:37.500,48.78141051389076,11.475712186474585,,,,,,,,
2023-03-28 13:58:37.600,48.78140936486043,11.47571165176595,,,,,,,,
2023-03-28 13:58:37.700,48.78140817814428,11.475711082863567,,,,,,,,
2023-03-28 13:58:37.800,48.781406982293326,11.475710522269551,,,,,,,,
2023-03-28 13:58:37.900,48.78140579094829,11.475710025612038,,,,,,,,
2023-03-28 13:58:38.000,48.78140458177111,11.475709384900238,48.7812724,11.4756594,48.781547,11.47589,48.781379,11.475734,48.781414,11.475708
2023-03-28 13:58:38.100,48.78140343220535,11.47570872734409,,,,,,,,
2023-03-28 13:58:38.200,48.781402250601765,11.475708212939209,,,,,,,,
2023-03-28 13:58:38.300,48.78140109323964,11.475707535386068,,,,,,,,
2023-03-28 13:58:38.400,48.78139992924941,11.475706902160232,,,,,,,,
2023-03-28 13:58:38.500,48.78139880008197,11.475706245459234,,,,,,,,
2023-03-28 13:58:38.600,48.78139762005017,11.475705603745062,,,,,,,,
2023-03-28 13:58:38.700,48.78139644576629,11.475705005152491,,,,,,,,
2023-03-28 13:58:38.800,48.7813952589851,11.475704408993922,,,,,,,,
2023-03-28 13:58:38.900,48.781394098288594,11.475703734917932,,,,,,,,
2023-03-28 13:58:39.000,48.781392970309405,11.47570310940156,48.7812604,11.475645,48.781547,11.47589,48.781368,11.47573,48.781398,11.475704
2023-03-28 13:58:39.100,48.78139176524509,11.475702536487423,,,,,,,,
2023-03-28 13:58:39.200,48.78139061955414,11.475701874918036,,,,,,,,
2023-03-28 13:58:39.300,48.78138942079701,11.475701321872156,,,,,,,,
2023-03-28 13:58:39.400,48.78138817857066,11.47570072728135,,,,,,,,
2023-03-28 13:58:39.500,48.7813870031595,11.475700060865616,,,,,,,,
2023-03-28 13:58:39.600,48.78138581526679,11.47569945655588,,,,,,,,
2023-03-28 13:58:39.700,48.78138463316355,11.475698842158693,,,,,,,,
2023-03-28 13:58:39.800,48.78138344307543,11.475698207820498,,,,,,,,
2023-03-28 13:58:39.900,48.781382209144176,11.475697648213162,,,,,,,,
2023-03-28 13:58:40.000,48.78138102709632,11.475696977678083,48.7812515,11.4756347,48.781547,11.47589,,,,
2023-03-28 13:58:40.100,48.781379864682265,11.475696429626916,,,,,,,,
2023-03-28 13:58:40.200,48.78137869205661,11.4756958661693,,,,,,,,
2023-03-28 13:58:40.300,48.781377538997845,11.475695186686634,,,,,,,,
2023-03-28 13:58:40.400,48.78137637249151,11.475694547211369,,,,,,,,
2023-03-28 13:58:40.500,48.78137527995388,11.47569392328411,,,,,,,,
2023-03-28 13:58:40.600,48.78137413309073,11.475693314064388,,,,,,,,
2023-03-28 13:58:40.700,48.78137296306688,11.475692702902665,,,,,,,,
2023-03-28 13:58:40.800,48.7813718775224,11.47569205126251,,,,,,,,
2023-03-28 13:58:40.900,48.78137077462725,11.475691424354173,,,,,,,,
2023-03-28 13:58:41.000,48.7813696109958,11.475690882215144,48.781239,11.475625,48.781547,11.47589,48.781341,11.475725,48.781375,11.47569
2023-03-28 13:58:41.100,48.78136846475714,11.475690299406056,,,,,,,,
2023-03-28 13:58:41.200,48.78136735029827,11.475689682316151,,,,,,,,
2023-03-28 13:58:41.300,48.78136622454122,11.475689115177763,,,,,,,,
2023-03-28 13:58:41.400,48.78136506334703,11.47568853430425,,,,,,,,
2023-03-28 13:58:41.500,48.78136397651377,11.475687879818638,,,,,,,,
2023-03-28 13:58:41.600,48.78136286145023,11.475687306829856,,,,,,,,
2023-03-28 13:58:41.700,48.78136167937036,11.4756867146764,,,,,,,,
2023-03-28 13:58:41.800,48.78136053377874,11.475686090799217,,,,,,,,
2023-03-28 13:58:41.900,48.781359349943024,11.475685561392629,,,,,,,,
2023-03-28 13:58:42.000,48.78135819591942,11.475684984064594,48.781225,11.4756165,48.781547,11.47589,48.78133,11.475722,48.781364,11.475685
2023-03-28 13:58:42.100,48.78135703624509,11.475684390987649,,,,,,,,
2023-03-28 13:58:42.200,48.78135588337188,11.475683826188888,,,,,,,,
2023-03-28 13:58:42.300,48.78135468698209,11.47568328528885,,,,,,,,
2023-03-28 13:58:42.400,48.781353572050726,11.47568272199162,,,,,,,,
2023-03-28 13:58:42.500,48.78135236342582,11.475682242422115,,,,,,,,
2023-03-28 13:58:42.600,48.78135116778561,11.475681632793924,,,,,,,,
2023-03-28 13:58:42.700,48.78134998987206,11.47568107894017,,,,,,,,
2023-03-28 13:58:42.800,48.78134882429236,11.47568055218814,,,,,,,,
2023-03-28 13:58:42.900,48.78134763787555,11.47567996399184,,,,,,,,
2023-03-28 13:58:43.000,48.78134648003032,11.475679326714875,48.781214,11.4756103,,,,,,
2023-03-28 13:58:43.100,48.78134527554269,11.475678747343288,,,,,,,,
2023-03-28 13:58:43.200,48.78134406123959,11.475678181264172,,,,,,,,
2023-03-28 13:58:43.300,48.78134289816008,11.47567757528983,,,,,,,,
2023-03-28 13:58:43.400,48.781341723947975,11.475677008108256,,,,,,,,
2023-03-28 13:58:43.500,48.78134054324101,11.475676454536275,,,,,,,,
2023-03-28 13:58:43.600,48.78133937117294,11.475675891182188,,,,,,,,
2023-03-28 13:58:43.700,48.78133820284664,11.475675299318675,,,,,,,,
2023-03-28 13:58:43.800,48.78133700786969,11.475674692971928,,,,,,,,
2023-03-28 13:58:43.900,48.78133581366169,11.475674116063516,,,,,,,,
2023-03-28 13:58:44.000,48.78133466415992,11.475673454388394,48.7812003,11.475604,48.781547,11.47589,48.781307,11.475717,48.781337,11.47567
2023-03-28 13:58:44.100,48.78133350151968,11.475672817053496,,,,,,,,
2023-03-28 13:58:44.200,48.78133228663612,11.475672298351869,,,,,,,,
2023-03-28 13:58:44.300,48.78133110408907,11.475671650162406,,,,,,,,
2023-03-28 13:58:44.400,48.78132989392081,11.475671003483372,,,,,,,,
2023-03-28 13:58:44.500,48.78132872451832,11.475670370478984,,,,,,,,
2023-03-28 13:58:44.600,48.78132749655413,11.475669734792383,,,,,,,,
2023-03-28 13:58:44.700,48.78132627961729,11.475669106125592,,,,,,,,
2023-03-28 13:58:44.800,48.78132509967681,11.475668414625972,,,,,,,,
2023-03-28 13:58:44.900,48.78132392031739,11.475667756543402,,,,,,,,
2023-03-28 13:58:45.000,48.78132272154182,11.4756670340458,48.7811846,11.4755933,48.781547,11.47589,48.781295,11.475712,48.781326,11.475663
2023-03-28 13:58:45.100,48.78132156638718,11.475666324261814,,,,,,,,
2023-03-28 13:58:45.200,48.78132034464039,11.47566563499506,,,,,,,,
2023-03-28 13:58:45.300,48.78131913436943,11.475665011201166,,,,,,,,
2023-03-28 13:58:45.400,48.781317938204126,11.475664354257953,,,,,,,,
2023-03-28 13:58:45.500,48.78131684522739,11.475663625962069,,,,,,,,
2023-03-28 13:58:45.600,48.7813156670622,11.475662947692378,,,,,,,,
2023-03-28 13:58:45.700,48.78131450653787,11.475662228638315,,,,,,,,
2023-03-28 13:58:45.800,48.78131336551445,11.475661580386182,,,,,,,,
2023-03-28 13:58:45.900,48.78131216665765,11.475660961897743,,,,,,,,
2023-03-28 13:58:46.000,48.781311019663605,11.475660272603866,48.7811712,11.4755845,,,48.781284,11.475708,48.781314,11.475655
2023-03-28 13:58:46.100,48.78130987841208,11.475659523864438,,,,,,,,
2023-03-28 13:58:46.200,48.78130873089373,11.475658847702706,,,,,,,,
2023-03-28 13:58:46.300,48.78130756983647,11.475658302572114,,,,,,,,
2023-03-28 13:58:46.400,48.78130643091639,11.475657651681798,,,,,,,,
2023-03-28 13:58:46.500,48.78130533498598,11.475656953469096,,,,,,,,
2023-03-28 13:58:46.600,48.781304192695735,11.475656317110534,,,,,,,,
2023-03-28 13:58:46.700,48.781303096393245,11.475655654225148,,,,,,,,
2023-03-28 13:58:46.800,48.78130193911415,11.475655008317371,,,,,,,,
2023-03-28 13:58:46.900,48.78130080070885,11.475654367297617,,,,,,,,
2023-03-28 13:58:47.000,48.78129970277009,11.475653742323754,48.7811591,11.4755782,48.781547,11.47589,48.781272,11.475702,48.781299,11.475646
2023-03-28 13:58:47.100,48.7812985443736,11.475653122857327,,,,,,,,
2023-03-28 13:58:47.200,48.78129737403077,11.475652500706692,,,,,,,,
2023-03-28 13:58:47.300,48.7812962327855,11.475651852804305,,,,,,,,
2023-03-28 13:58:47.400,48.78129513763612,11.47565117423154,,,,,,,,
2023-03-28 13:58:47.500,48.78129400681368,11.475650533134049,,,,,,,,
2023-03-28 13:58:47.600,48.781292849581895,11.475649911198811,,,,,,,,
2023-03-28 13:58:47.700,48.78129168304864,11.475649239154396,,,,,,,,
2023-03-28 13:58:47.800,48.78129052666125,11.475648670526624,,,,,,,,
2023-03-28 13:58:47.900,48.78128941618684,11.475647968402132,,,,,,,,
2023-03-28 13:58:48.000,48.78128825878447,11.47564732299452,48.781142,11.4755708,48.781547,11.47589,,,,
2023-03-28 13:58:48.100,48.78128708009444,11.47564670525306,,,,,,,,
2023-03-28 13:58:48.200,48.78128592092587,11.475646137402803,,,,,,,,
2023-03-28 13:58:48.300,48.7812847697805,11.475645500581964,,,,,,,,
2023-03-28 13:58:48.400,48.781283607361445,11.475644851776837,,,,,,,,
2023-03-28 13:58:48.500,48.78128252807888,11.475644138125803,,,,,,,,
2023-03-28 13:58:48.600,48.781281363608656,11.475643509099152,,,,,,,,
2023-03-28 13:58:48.700,48.781280177913374,11.475642820723502,,,,,,,,
2023-03-28 13:58:48.800,48.78127904669425,11.475642188798346,,,,,,,,
2023-03-28 13:58:48.900,48.7812778655761,11.475641518050898,,,,,,,,
2023-03-28 13:58:49.000,48.781276686673024,11.475640801656615,48.7811236,11.4755689,48.781547,11.47589,,,,
2023-03-28 13:58:49.100,48.78127548494067,11.475640195640368,,,,,,,,
2023-03-28 13:58:49.200,48.78127428328072,11.47563956192318,,,,,,,,
2023-03-28 13:58:49.300,48.78127312306346,11.475638887347117,,,,,,,,
2023-03-28 13:58:49.400,48.78127192707375,11.475638281051516,,,,,,,,
2023-03-28 13:58:49.500,48.78127073656279,11.475637501726274,,,,,,,,
2023-03-28 13:58:49.600,48.78126954201173,11.475636836342106,,,,,,,,
2023-03-28 13:58:49.700,48.78126832621915,11.475636195145958,,,,,,,,
2023-03-28 13:58:49.800,48.78126714491615,11.475635468972612,,,,,,,,
2023-03-28 13:58:49.900,48.78126596464263,11.475634707288414,,,,,,,,
2023-03-28 13:58:50.000,48.78126468358285,11.475634084428012,48.7811094,11.4755698,48.781547,11.47589,48.781234,11.475687,48.781265,11.475627
2023-03-28 13:58:50.100,48.78126345397004,11.47563341756301,,,,,,,,
2023-03-28 13:58:50.200,48.78126225306813,11.47563270667695,,,,,,,,
2023-03-28 13:58:50.300,48.78126106442721,11.475631937089863,,,,,,,,
2023-03-28 13:58:50.400,48.781259774221056,11.475631320969276,,,,,,,,
2023-03-28 13:58:50.500,48.781258555753965,11.475630624849536,,,,,,,,
2023-03-28 13:58:50.600,48.78125737006959,11.47562985577138,,,,,,,,
2023-03-28 13:58:50.700,48.78125610502397,11.475629203725092,,,,,,,,
2023-03-28 13:58:50.800,48.78125488505736,11.475628540741944,,,,,,,,
2023-03-28 13:58:50.900,48.78125365975045,11.47562778008771,,,,,,,,
2023-03-28 13:58:51.000,48.7812524483337,11.475627010159467,48.781092,11.475568,,,48.781223,11.475681,48.781253,11.47562
2023-03-28 13:58:51.100,48.78125121686248,11.475626347079835,,,,,,,,
2023-03-28 13:58:51.200,48.78124998873294,11.475625661631982,,,,,,,,
2023-03-28 13:58:51.300,48.781248783189945,11.475624864601611,,,,,,,,
2023-03-28 13:58:51.400,48.78124757080324,11.475624167102744,,,,,,,,
2023-03-28 13:58:51.500,48.78124638479396,11.475623453003909,,,,,,,,
2023-03-28 13:58:51.600,48.78124519152278,11.47562272773818,,,,,,,,
2023-03-28 13:58:51.700,48.78124398290488,11.475621994973006,,,,,,,,
2023-03-28 13:58:51.800,48.78124274626856,11.475621280302228,,,,,,,,
2023-03-28 13:58:51.900,48.78124152013687,11.475620570047544,,,,,,,,
2023-03-28 13:58:52.000,48.78124031622092,11.475619845486568,48.7810823,11.4755649,,,,,,
2023-03-28 13:58:52.100,48.78123907247115,11.475619115696723,,,,,,,,
2023-03-28 13:58:52.200,48.78123784345736,11.475618331857556,,,,,,,,
2023-03-28 13:58:52.300,48.78123665952974,11.475617587792648,,,,,,,,
2023-03-28 13:58:52.400,48.78123541093858,11.47561685621205,,,,,,,,
2023-03-28 13:58:52.500,48.78123418106798,11.475616140461195,,,,,,,,
2023-03-28 13:58:52.600,48.78123298093238,11.475615442708913,,,,,,,,
2023-03-28 13:58:52.700,48.78123173854235,11.47561460662403,,,,,,,,
2023-03-28 13:58:52.800,48.78123049789092,11.47561388962787,,,,,,,,
2023-03-28 13:58:52.900,48.7812292348302,11.475613207420864,,,,,,,,
2023-03-28 13:58:53.000,48.78122803011371,11.475612470873598,48.7810699,11.4755597,48.781547,11.47589,48.7812,11.475666,48.78123,11.4756
2023-03-28 13:58:53.100,48.78122678279957,11.4756117827331,,,,,,,,
2023-03-28 13:58:53.200,48.781225534851146,11.47561107329082,,,,,,,,
2023-03-28 13:58:53.300,48.781224366854296,11.475610256482067,,,,,,,,
2023-03-28 13:58:53.400,48.78122317627819,11.475609531463173,,,,,,,,
2023-03-28 13:58:53.500,48.781221984591554,11.47560874916737,,,,,,,,
2023-03-28 13:58:53.600,48.781220754814136,11.47560799100339,,,,,,,,
2023-03-28 13:58:53.700,48.78121954912275,11.475607301802112,,,,,,,,
2023-03-28 13:58:53.800,48.78121832004982,11.475606512525111,,,,,,,,
2023-03-28 13:58:53.900,48.781217129732525,11.475605751436476,,,,,,,,
2023-03-28 13:58:54.000,48.78121590647703,11.475604984893296,48.7810539,11.4755535,48.781547,11.47589,48.781185,11.475659,48.781215,11.475592
2023-03-28 13:58:54.100,48.781214721118,11.475604174729437,,,,,,,,
2023-03-28 13:58:54.200,48.78121349082333,11.47560339139192,,,,,,,,
2023-03-28 13:58:54.300,48.78121226350908,11.475602658193996,,,,,,,,
2023-03-28 13:58:54.400,48.7812110816191,11.47560189016207,,,,,,,,
2023-03-28 13:58:54.500,48.78120989658601,11.475601126012336,,,,,,,,
2023-03-28 13:58:54.600,48.78120865661931,11.475600393814815,,,,,,,,
2023-03-28 13:58:54.700,48.781207440537926,11.47559965587691,,,,,,,,
2023-03-28 13:58:54.800,48.78120621459029,11.47559889897092,,,,,,,,
2023-03-28 13:58:54.900,48.78120503414285,11.475598139408218,,,,,,,,
2023-03-28 13:58:55.000,48.78120385415416,11.47559735621055,48.7810373,11.4755509,48.781547,11.47589,,,,
2023-03-28 13:58:55.100,48.78120266465989,11.47559654854996,,,,,,,,
2023-03-28 13:58:55.200,48.7812014356141,11.475595810274363,,,,,,,,
2023-03-28 13:58:55.300,48.78120023211337,11.47559507187538,,,,,,,,
2023-03-28 13:58:55.400,48.78119908213563,11.475594230408502,,,,,,,,
2023-03-28 13:58:55.500,48.781197914258335,11.475593398606904,,,,,,,,
2023-03-28 13:58:55.600,48.78119670158323,11.475592654519115,,,,,,,,
2023-03-28 13:58:55.700,48.78119550016923,11.475591865134549,,,,,,,,
2023-03-28 13:58:55.800,48.78119431944863,11.475591002411848,,,,,,,,
2023-03-28 13:58:55.900,48.78119309409841,11.475590293714534,,,,,,,,
2023-03-28 13:58:56.000,48.78119186995004,11.475589510315926,48.7810238,11.4755501,,,48.781162,11.475643,48.781188,11.475582
2023-03-28 13:58:56.100,48.78119070320744,11.475588722567446,,,,,,,,
2023-03-28 13:58:56.200,48.78118949867107,11.475587926144888,,,,,,,,
2023-03-28 13:58:56.300,48.78118832841666,11.47558711625259,,,,,,,,
2023-03-28 13:58:56.400,48.78118710605958,11.475586336791109,,,,,,,,
2023-03-28 13:58:56.500,48.78118599619325,11.475585498351036,,,,,,,,
2023-03-28 13:58:56.600,48.78118484253381,11.47558468395177,,,,,,,,
2023-03-28 13:58:56.700,48.78118364400936,11.475583934254365,,,,,,,,
2023-03-28 13:58:56.800,48.78118242563893,11.475583176553735,,,,,,,,
2023-03-28 13:58:56.900,48.78118124677714,11.475582348603927,,,,,,,,
2023-03-28 13:58:57.000,48.78118004557369,11.475581515178888,48.781009,11.4755482,48.781547,11.47589,48.78115,11.475635,48.781177,11.475579
2023-03-28 13:58:57.100,48.7811788834708,11.47558064846579,,,,,,,,
2023-03-28 13:58:57.200,48.781177670473184,11.475579899369386,,,,,,,,
2023-03-28 13:58:57.300,48.781176461175264,11.475579053078055,,,,,,,,
2023-03-28 13:58:57.400,48.78117528547257,11.475578244300689,,,,,,,,
2023-03-28 13:58:57.500,48.78117408520854,11.475577471345076,,,,,,,,
2023-03-28 13:58:57.600,48.78117287246523,11.475576668681366,,,,,,,,
2023-03-28 13:58:57.700,48.78117165121961,11.475575867710566,,,,,,,,
2023-03-28 13:58:57.800,48.78117045601458,11.475575017688351,,,,,,,,
2023-03-28 13:58:57.900,48.78116925545304,11.475574193868368,,,,,,,,
2023-03-28 13:58:58.000,48.78116811927033,11.475573342640166,48.7809905,11.4755438,48.781547,11.47589,48.781135,11.47563,48.781162,11.475574
2023-03-28 13:58:58.100,48.781166971296,11.47557251612042,,,,,,,,
2023-03-28 13:58:58.200,48.78116581292597,11.47557170339421,,,,,,,,
2023-03-28 13:58:58.300,48.78116465482847,11.475570843752385,,,,,,,,
2023-03-28 13:58:58.400,48.78116345983576,11.475570061153787,,,,,,,,
2023-03-28 13:58:58.500,48.78116230127517,11.475569255401323,,,,,,,,
2023-03-28 13:58:58.600,48.78116115646969,11.47556846476074,,,,,,,,
2023-03-28 13:58:58.700,48.78116003285609,11.475567575639364,,,,,,,,
2023-03-28 13:58:58.800,48.78115883231591,11.475566804773418,,,,,,,,
2023-03-28 13:58:58.900,48.78115765309505,11.47556603236535,,,,,,,,
2023-03-28 13:58:59.000,48.78115650685535,11.475565216991876,48.7809801,11.4755398,,,48.781124,11.475624,48.78115,11.475565
2023-03-28 13:58:59.100,48.78115528452641,11.475564515375837,,,,,,,,
2023-03-28 13:58:59.200,48.78115409930215,11.47556371728336,,,,,,,,
2023-03-28 13:58:59.300,48.78115286386139,11.475562957571938,,,,,,,,
2023-03-28 13:58:59.400,48.78115160323398,11.475562376710272,,,,,,,,
2023-03-28 13:58:59.500,48.7811503500499,11.475561724961471,,,,,,,,
2023-03-28 13:58:59.600,48.781149106322985,11.475560978328357,,,,,,,,
2023-03-28 13:58:59.700,48.781147879771474,11.47556031888098,,,,,,,,
2023-03-28 13:58:59.800,48.78114660315471,11.475559791840771,,,,,,,,
2023-03-28 13:58:59.900,48.78114530156965,11.475559395564746,,,,,,,,
2023-03-28 13:59:00.000,48.78114403949306,11.475558844383071,48.780967,11.4755284,48.781547,11.47589,,,,
2023-03-28 13:59:00.100,48.781142806063365,11.475558173932958,,,,,,,,
2023-03-28 13:59:00.200,48.78114160398804,11.47555759160284,,,,,,,,
2023-03-28 13:59:00.300,48.781140342818496,11.475557099816683,,,,,,,,
2023-03-28 13:59:00.400,48.78113908156951,11.475556535342054,,,,,,,,
2023-03-28 13:59:00.500,48.78113784284116,11.475555989044151,,,,,,,,
2023-03-28 13:59:00.600,48.78113661600494,11.47555543444313,,,,,,,,
2023-03-28 13:59:00.700,48.781135374303766,11.475554913780956,,,,,,,,
2023-03-28 13:59:00.800,48.781134113753495,11.475554399987102,,,,,,,,
2023-03-28 13:59:00.900,48.78113289416417,11.47555382417939,,,,,,,,
2023-03-28 13:59:01.000,48.781131653158376,11.475553297966147,48.7809578,11.4755197,48.781547,11.47589,48.781105,11.47561,48.781124,11.475553
2023-03-28 13:59:01.100,48.78113042843643,11.475552776780976,,,,,,,,
2023-03-28 13:59:01.200,48.78112925392709,11.475552160744444,,,,,,,,
2023-03-28 13:59:01.300,48.78112802996157,11.475551623518507,,,,,,,,
2023-03-28 13:59:01.400,48.78112681567449,11.47555110596378,,,,,,,,
2023-03-28 13:59:01.500,48.78112563257068,11.475550534840046,,,,,,,,
2023-03-28 13:59:01.600,48.78112438736653,11.47555002113332,,,,,,,,
2023-03-28 13:59:01.700,48.78112320675543,11.475549503147642,,,,,,,,
2023-03-28 13:59:01.800,48.78112199331383,11.475548964266556,,,,,,,,
2023-03-28 13:59:01.900,48.781120868629145,11.475548413844232,,,,,,,,
2023-03-28 13:59:02.000,48.781119696028746,11.47554781208946,48.7809502,11.4755123,48.781547,11.47589,48.781093,11.475606,48.781112,11.475549
2023-03-28 13:59:02.100,48.78111845362989,11.47554734783065,,,,,,,,
2023-03-28 13:59:02.200,48.78111723125584,11.475546804124496,,,,,,,,
2023-03-28 13:59:02.300,48.78111603494741,11.475546269877112,,,,,,,,
2023-03-28 13:59:02.400,48.78111479059763,11.47554582436434,,,,,,,,
2023-03-28 13:59:02.500,48.78111356982739,11.475545261112206,,,,,,,,
2023-03-28 13:59:02.600,48.781112345218325,11.475544662235514,,,,,,,,
2023-03-28 13:59:02.700,48.78111107838245,11.475544192106716,,,,,,,,
2023-03-28 13:59:02.800,48.78110989574258,11.475543603153026,,,,,,,,
2023-03-28 13:59:02.900,48.78110863928502,11.475543110161592,,,,,,,,
2023-03-28 13:59:03.000,48.7811073752411,11.47554253113677,48.7809504,11.475501,48.781547,11.47589,,,,
2023-03-28 13:59:03.100,48.78110610883423,11.47554199091472,,,,,,,,
2023-03-28 13:59:03.200,48.7811048774062,11.475541437021304,,,,,,,,
2023-03-28 13:59:03.300,48.78110358526797,11.47554093380692,,,,,,,,
2023-03-28 13:59:03.400,48.78110228868815,11.475540425609012,,,,,,,,
2023-03-28 13:59:03.500,48.78110104747945,11.475539878234246,,,,,,,,
2023-03-28 13:59:03.600,48.78109980373039,11.47553931555123,,,,,,,,
2023-03-28 13:59:03.700,48.781098460790005,11.4755387527,,,,,,,,
2023-03-28 13:59:03.800,48.78109717239685,11.475538221195247,,,,,,,,
2023-03-28 13:59:03.900,48.78109597713056,11.475537656517709,,,,,,,,
2023-03-28 13:59:04.000,48.78109470582624,11.475537041672627,48.7809515,11.4754968,48.781547,11.47589,48.781074,11.475593,48.781089,11.475538
2023-03-28 13:59:04.100,48.7810934260652,11.475536473590555,,,,,,,,
2023-03-28 13:59:04.200,48.78109213622736,11.475535913224236,,,,,,,,
2023-03-28 13:59:04.300,48.78109083885088,11.47553535859417,,,,,,,,
2023-03-28 13:59:04.400,48.781089579962696,11.475534757446969,,,,,,,,
2023-03-28 13:59:04.500,48.78108826349904,11.4755342697635,,,,,,,,
2023-03-28 13:59:04.600,48.78108695171194,11.475533741758891,,,,,,,,
2023-03-28 13:59:04.700,48.78108567913909,11.475533076547917,,,,,,,,
2023-03-28 13:59:04.800,48.78108438482389,11.475532525357096,,,,,,,,
2023-03-28 13:59:04.900,48.78108310563506,11.475531918111054,,,,,,,,
2023-03-28 13:59:05.000,48.78108183814569,11.475531225845144,48.7809526,11.4754955,,,48.781063,11.475585,48.781078,11.475529
2023-03-28 13:59:05.100,48.78108046728924,11.475530696656168,,,,,,,,
2023-03-28 13:59:05.200,48.78107921012055,11.47552994775226,,,,,,,,
2023-03-28 13:59:05.300,48.781077902016406,11.475529293822754,,,,,,,,
2023-03-28 13:59:05.400,48.78107659371168,11.475528612954497,,,,,,,,
2023-03-28 13:59:05.500,48.78107526602626,11.475527877193109,,,,,,,,
2023-03-28 13:59:05.600,48.78107393236215,11.475527196505531,,,,,,,,
2023-03-28 13:59:05.700,48.781072659588006,11.475526476020043,,,,,,,,
2023-03-28 13:59:05.800,48.78107132891125,11.475525697435518,,,,,,,,
2023-03-28 13:59:05.900,48.78107004374224,11.475524994535972,,,,,,,,
2023-03-28 13:59:06.000,48.78106870347743,11.475524245369389,48.7809555,11.4754952,48.781547,11.47589,48.781051,11.475579,48.781066,11.475522
2023-03-28 13:59:06.100,48.78106742027021,11.47552346590109,,,,,,,,
2023-03-28 13:59:06.200,48.78106612535869,11.47552276929158,,,,,,,,
2023-03-28 13:59:06.300,48.78106485852332,11.475521949255038,,,,,,,,
2023-03-28 13:59:06.400,48.78106357713499,11.475521202247442,,,,,,,,
2023-03-28 13:59:06.500,48.78106228010872,11.47552045702274,,,,,,,,
2023-03-28 13:59:06.600,48.78106106689298,11.475519663198332,,,,,,,,
2023-03-28 13:59:06.700,48.7810598018643,11.475518792113972,,,,,,,,
2023-03-28 13:59:06.800,48.78105850744488,11.475518062738416,,,,,,,,
2023-03-28 13:59:06.900,48.78105731441689,11.475517294924446,,,,,,,,
2023-03-28 13:59:07.000,48.78105609920525,11.47551653907113,48.7809569,11.4754949,48.781547,11.47589,48.781036,11.475571,48.781055,11.475514
2023-03-28 13:59:07.100,48.78105485372785,11.475515780598364,,,,,,,,
2023-03-28 13:59:07.200,48.78105362007405,11.475515055370106,,,,,,,,
2023-03-28 13:59:07.300,48.78105239281527,11.475514314392033,,,,,,,,
2023-03-28 13:59:07.400,48.781051237541,11.475513554939376,,,,,,,,
2023-03-28 13:59:07.500,48.78105002950573,11.47551283845781,,,,,,,,
2023-03-28 13:59:07.600,48.78104880573163,11.475512144027284,,,,,,,,
2023-03-28 13:59:07.700,48.78104762418278,11.47551142820205,,,,,,,,
2023-03-28 13:59:07.800,48.78104650140006,11.475510707605952,,,,,,,,
2023-03-28 13:59:07.900,48.781045391366895,11.475510047591785,,,,,,,,
2023-03-28 13:59:08.000,48.78104424090262,11.475509349196006,48.7809577,11.4754945,,,48.781024,11.475562,48.781044,11.475503
2023-03-28 13:59:08.100,48.78104309592735,11.475508645969756,,,,,,,,
2023-03-28 13:59:08.200,48.78104199450542,11.475507994237647,,,,,,,,
2023-03-28 13:59:08.300,48.78104090416301,11.475507387107534,,,,,,,,
2023-03-28 13:59:08.400,48.781039770602696,11.475506718643716,,,,,,,,
2023-03-28 13:59:08.500,48.78103867876278,11.475506078679302,,,,,,,,
2023-03-28 13:59:08.600,48.7810376581909,11.475505396974269,,,,,,,,
2023-03-28 13:59:08.700,48.78103658700506,11.475504746370316,,,,,,,,
2023-03-28 13:59:08.800,48.78103553432437,11.475504110833972,,,,,,,,
2023-03-28 13:59:08.900,48.78103445224506,11.475503518024764,,,,,,,,
2023-03-28 13:59:09.000,48.78103337331227,11.475502944440922,48.7809583,11.4754941,48.781547,11.47589,48.781013,11.475554,48.781032,11.475496
2023-03-28 13:59:09.100,48.78103230367616,11.475502301537247,,,,,,,,
2023-03-28 13:59:09.200,48.781031268350816,11.475501703970185,,,,,,,,
2023-03-28 13:59:09.300,48.781030201282434,11.47550107212404,,,,,,,,
2023-03-28 13:59:09.400,48.78102917838664,11.47550042343095,,,,,,,,
2023-03-28 13:59:09.500,48.78102816796321,11.475499770216164,,,,,,,,
2023-03-28 13:59:09.600,48.78102715329998,11.4754991717385,,,,,,,,
2023-03-28 13:59:09.700,48.781026122010125,11.475498528562696,,,,,,,,
2023-03-28 13:59:09.800,48.7810251694642,11.475497952084323,,,,,,,,
2023-03-28 13:59:09.900,48.781024172528,11.475497388897791,,,,,,,,
2023-03-28 13:59:10.000,48.78102321246408,11.475496749786911,48.7809587,11.4754937,48.781547,11.47589,48.780998,11.47555,48.781021,11.47549
2023-03-28 13:59:10.100,48.78102223172109,11.475496238974996,,,,,,,,
2023-03-28 13:59:10.200,48.78102126502736,11.47549570767892,,,,,,,,
2023-03-28 13:59:10.300,48.781020403301255,11.47549505931218,,,,,,,,
2023-03-28 13:59:10.400,48.78101955236096,11.475494530391478,,,,,,,,
2023-03-28 13:59:10.500,48.78101869410573,11.475493970620748,,,,,,,,
2023-03-28 13:59:10.600,48.78101783919449,11.475493417829732,,,,,,,,
2023-03-28 13:59:10.700,48.78101696481927,11.475492869982482,,,,,,,,
2023-03-28 13:59:10.800,48.78101609157687,11.47549243807234,,,,,,,,
2023-03-28 13:59:10.900,48.781015250180886,11.475491921834552,,,,,,,,
2023-03-28 13:59:11.000,48.78101452886661,11.475491391640466,48.780959,11.4754932,48.780998,11.475494,48.78099,11.475542,48.781013,11.475485
2023-03-28 13:59:11.100,48.78101385467358,11.475490904548318,,,,,,,,
2023-03-28 13:59:11.200,48.78101309810016,11.475490469191564,,,,,,,,
2023-03-28 13:59:11.300,48.78101242593604,11.475490160511248,,,,,,,,
2023-03-28 13:59:11.400,48.78101175289214,11.475489719568548,,,,,,,,
2023-03-28 13:59:11.500,48.78101116792388,11.475489263854865,,,,,,,,
2023-03-28 13:59:11.600,48.78101056159091,11.475488941673497,,,,,,,,
2023-03-28 13:59:11.700,48.781010056343305,11.475488554450711,,,,,,,,
2023-03-28 13:59:11.800,48.781009500088494,11.475488215952977,,,,,,,,
2023-03-28 13:59:11.900,48.78100895184576,11.475487915821672,,,,,,,,
2023-03-28 13:59:12.000,48.78100848341925,11.4754875684157,48.7809593,11.4754927,48.781066,11.475487,48.780982,11.475535,48.781005,11.475484
2023-03-28 13:59:12.100,48.78100806360677,11.47548731864264,,,,,,,,
2023-03-28 13:59:12.200,48.78100765992798,11.47548712053439,,,,,,,,
2023-03-28 13:59:12.300,48.78100727126765,11.475486922953516,,,,,,,,
2023-03-28 13:59:12.400,48.78100698912667,11.475486726949676,,,,,,,,
2023-03-28 13:59:12.500,48.78100664928371,11.47548662410138,,,,,,,,
2023-03-28 13:59:12.600,48.78100637942913,11.475486505631878,,,,,,,,
2023-03-28 13:59:12.700,48.78100614471406,11.475486403104153,,,,,,,,
2023-03-28 13:59:12.800,48.781005981124665,11.47548628918894,,,,,,,,
2023-03-28 13:59:12.900,48.78100590140343,11.475486166831606,,,,,,,,
2023-03-28 13:59:13.000,48.78100576431021,11.475486125711946,48.7809596,11.4754921,48.781078,11.475483,48.780982,11.475528,48.780998,11.475485
2023-03-28 13:59:13.100,48.7810056357358,11.475486083512926,,,,,,,,
2023-03-28 13:59:13.200,48.78100556500242,11.475486086626992,,,,,,,,
2023-03-28 13:59:13.300,48.781005583615865,11.475486064530456,,,,,,,,
2023-03-28 13:59:13.400,48.78100559692856,11.475486058151995,,,,,,,,
2023-03-28 13:59:13.500,48.781005641735824,11.475486043977195,,,,,,,,
2023-03-28 13:59:13.600,48.78100566251882,11.475486050024507,,,,,,,,
2023-03-28 13:59:13.700,48.78100566874449,11.475486060589608,,,,,,,,
2023-03-28 13:59:13.800,48.78100566220109,11.475486074760266,,,,,,,,
2023-03-28 13:59:13.900,48.781005659141,11.47548609318535,,,,,,,,
2023-03-28 13:59:14.000,48.78100565943245,11.475486098004206,48.78096,11.4754917,48.781059,11.475484,48.780982,11.475526,48.780998,11.475484
2023-03-28 13:59:14.100,48.78100565539189,11.475486115726683,,,,,,,,
2023-03-28 13:59:14.200,48.78100565468976,11.475486103366478,,,,,,,,
2023-03-28 13:59:14.300,48.78100564447656,11.47548613455419,,,,,,,,
2023-03-28 13:59:14.400,48.78100566231211,11.475486124239705,,,,,,,,
2023-03-28 13:59:14.500,48.78100565582503,11.47548616491569,,,,,,,,
2023-03-28 13:59:14.600,48.78100565943176,11.475486163687735,,,,,,,,
2023-03-28 13:59:14.700,48.78100564510009,11.4754861777853,,,,,,,,
2023-03-28 13:59:14.800,48.78100564180989,11.475486185576074,,,,,,,,
2023-03-28 13:59:14.900,48.78100560831955,11.475486141500395,,,,,,,,
2023-03-28 13:59:15.000,48.7810056117616,11.475486139752178,48.7809603,11.4754913,48.781059,11.475478,48.780982,11.475525,48.780998,11.475485
2023-03-28 13:59:15.100,48.78100561903597,11.475486150207873,,,,,,,,
2023-03-28 13:59:15.200,48.78100562778432,11.47548614294391,,,,,,,,
2023-03-28 13:59:15.300,48.78100559569583,11.475486161743063,,,,,,,,
2023-03-28 13:59:15.400,48.78100563348743,11.475486153757345,,,,,,,,
2023-03-28 13:59:15.500,48.781005622250944,11.47548613990417,,,,,,,,
2023-03-28 13:59:15.600,48.78100563507308,11.475486155000466,,,,,,,,
2023-03-28 13:59:15.700,48.78100563141273,11.475486150261164,,,,,,,,
2023-03-28 13:59:15.800,48.78100562392161,11.47548614977513,,,,,,,,
2023-03-28 13:59:15.900,48.78100563554238,11.47548612697276,,,,,,,,
2023-03-28 13:59:16.000,48.78100564826661,11.47548613732517,48.7809606,11.4754909,48.781059,11.475484,48.780982,11.475526,48.780998,11.475485
2023-03-28 13:59:16.100,48.78100566113394,11.475486122348682,,,,,,,,
2023-03-28 13:59:16.200,48.78100565295093,11.475486106545056,,,,,,,,
2023-03-28 13:59:16.300,48.78100565206776,11.47548611933938,,,,,,,,
2023-03-28 13:59:16.400,48.78100562969876,11.475486140339466,,,,,,,,
2023-03-28 13:59:16.500,48.78100563449109,11.47548613313657,,,,,,,,
2023-03-28 13:59:16.600,48.78100565716991,11.475486135602695,,,,,,,,
2023-03-28 13:59:16.700,48.78100564136825,11.475486141220614,,,,,,,,
2023-03-28 13:59:16.800,48.78100566714674,11.475486132566092,,,,,,,,
2023-03-28 13:59:16.900,48.7810056628304,11.475486103198902,,,,,,,,
2023-03-28 13:59:17.000,48.781005647559205,11.475486103812395,48.7809611,11.4754905,48.781059,11.475482,48.780979,11.475528,48.780998,11.475486
2023-03-28 13:59:17.100,48.78100564979728,11.475486113346763,,,,,,,,
2023-03-28 13:59:17.200,48.78100564577463,11.475486116772233,,,,,,,,
