TimeStamps,lat_piksi,lon_piksi,lat_smartphone,lon_smartphone,lat_GPS1,lon_GPS1,RPM1,lat_GPS2,lon_GPS2,RPM2,lat_GPS3,lon_GPS3,RPM3
2023-04-14 11:16:16.800,48.78282344038606,11.476729484644324,,,,,,,,,,,
2023-04-14 11:16:16.900,48.78282344366122,11.476729478596376,,,,,,,,,,,
2023-04-14 11:16:17.000,48.782823451715394,11.476729489356176,,,48.782817,11.476719,0.0,48.78281,11.476764,0.0,48.782791,11.476709,0.0
2023-04-14 11:16:17.100,48.78282344962231,11.476729499005597,,,,,,,,,,,
2023-04-14 11:16:17.200,48.78282344976716,11.476729493827088,,,,,,,,,,,
2023-04-14 11:16:17.300,48.78282345016091,11.4767294943709,,,,,,,,,,,
2023-04-14 11:16:17.400,48.78282345299111,11.476729475753904,,,,,,,,,,,
2023-04-14 11:16:17.500,48.78282344936972,11.47672949373494,,,,,,,,,,,
2023-04-14 11:16:17.600,48.78282343455119,11.476729506069574,48.7828119,11.4768136,,,,,,,,,
2023-04-14 11:16:17.700,48.78282344472815,11.476729491447443,,,,,,,,,,,
2023-04-14 11:16:17.800,48.78282347142932,11.476729511510555,,,,,,,,,,,
2023-04-14 11:16:17.900,48.78282345430157,11.47672951374227,,,,,,,,,,,
2023-04-14 11:16:18.000,48.782823428405386,11.476729529059437,48.7828121,11.4768132,48.782817,11.476716,0.0,48.78281,11.476764,0.0,48.782791,11.47671,0.0
2023-04-14 11:16:18.100,48.782823438249146,11.476729529414314,,,,,,,,,,,
2023-04-14 11:16:18.200,48.78282341417514,11.476729534308587,,,,,,,,,,,
2023-04-14 11:16:18.300,48.78282343065261,11.476729520502358,,,,,,,,,,,
2023-04-14 11:16:18.400,48.78282345633006,11.476729492255911,,,,,,,,,,,
2023-04-14 11:16:18.500,48.78282344532381,11.476729423170571,,,,,,,,,,,
2023-04-14 11:16:18.600,48.78282343263453,11.47672942699709,48.7828122,11.4768114,,,,,,,,,
2023-04-14 11:16:18.700,48.78282342983111,11.476729459693114,,,,,,,,,,,
2023-04-14 11:16:18.800,48.78282342160741,11.476729473554336,,,,,,,,,,,
2023-04-14 11:16:18.900,48.78282342021463,11.476729467071584,,,,,,,,,,,
2023-04-14 11:16:19.000,48.78282343098113,11.476729432263642,,,,,,48.78281,11.476764,0.0,48.782791,11.47671,0.0
2023-04-14 11:16:19.100,48.78282342275919,11.476729446457204,,,,,,,,,,,
2023-04-14 11:16:19.200,48.78282341768136,11.47672946160986,,,,,,,,,,,
2023-04-14 11:16:19.300,48.78282342764889,11.47672945599702,,,,,,,,,,,
2023-04-14 11:16:19.400,48.78282341893127,11.476729478747584,,,,,,,,,,,
2023-04-14 11:16:19.500,48.78282342057355,11.476729467375272,,,,,,,,,,,
2023-04-14 11:16:19.600,48.78282343422491,11.476729462486205,48.7828125,11.4768094,,,,,,,,,
2023-04-14 11:16:19.700,48.78282342131316,11.476729471147983,,,,,,,,,,,
2023-04-14 11:16:19.800,48.782823432137576,11.47672947673552,,,,,,,,,,,
2023-04-14 11:16:19.900,48.78282343468936,11.476729461538463,,,,,,,,,,,
2023-04-14 11:16:20.000,48.78282343419294,11.476729453537642,,,48.782817,11.476709,0.0,48.78281,11.476764,0.0,48.782791,11.476711,0.0
2023-04-14 11:16:20.100,48.78282343586238,11.476729454557528,,,,,,,,,,,
2023-04-14 11:16:20.200,48.78282344174274,11.476729468410197,,,,,,,,,,,
2023-04-14 11:16:20.300,48.78282344022991,11.476729480770157,,,,,,,,,,,
2023-04-14 11:16:20.400,48.78282344803619,11.4767294801838,,,,,,,,,,,
2023-04-14 11:16:20.500,48.78282345279962,11.476729477342436,,,,,,,,,,,
2023-04-14 11:16:20.600,48.7828234376065,11.4767294732531,48.7828127,11.4768076,,,,,,,,,
2023-04-14 11:16:20.700,48.78282342843357,11.476729484070324,,,,,,,,,,,
2023-04-14 11:16:20.800,48.78282344058102,11.476729494173089,,,,,,,,,,,
2023-04-14 11:16:20.900,48.782823444820544,11.47672947236758,,,,,,,,,,,
2023-04-14 11:16:21.000,48.78282342989842,11.476729475826904,,,48.782817,11.476709,0.0,48.78281,11.476764,0.0,48.782791,11.476711,0.0
2023-04-14 11:16:21.100,48.78282342625919,11.476729435583144,,,,,,,,,,,
2023-04-14 11:16:21.200,48.782823413025234,11.476729450096435,,,,,,,,,,,
2023-04-14 11:16:21.300,48.782823389230494,11.476729432574096,,,,,,,,,,,
2023-04-14 11:16:21.400,48.78282337688341,11.476729411633682,,,,,,,,,,,
2023-04-14 11:16:21.500,48.78282339708557,11.476729373505703,,,,,,,,,,,
2023-04-14 11:16:21.600,48.78282337656709,11.476729361669204,48.7828129,11.4768058,,,,,,,,,
2023-04-14 11:16:21.700,48.78282336155355,11.476729351506483,,,,,,,,,,,
2023-04-14 11:16:21.800,48.782823353346814,11.476729362368054,,,,,,,,,,,
2023-04-14 11:16:21.900,48.78282334686178,11.476729359781132,,,,,,,,,,,
2023-04-14 11:16:22.000,48.78282334486165,11.47672936100577,,,48.782817,11.476709,0.0,48.78281,11.476764,0.0,48.782791,11.476711,0.0
2023-04-14 11:16:22.100,48.782823348685824,11.476729361112191,,,,,,,,,,,
2023-04-14 11:16:22.200,48.78282335548221,11.476729370116342,,,,,,,,,,,
2023-04-14 11:16:22.300,48.7828233559388,11.476729372760294,,,,,,,,,,,
2023-04-14 11:16:22.400,48.782823365741045,11.476729391153308,,,,,,,,,,,
2023-04-14 11:16:22.500,48.78282337414553,11.47672940624752,,,,,,,,,,,
2023-04-14 11:16:22.600,48.78282338011125,11.476729387350698,,,,,,,,,,,
2023-04-14 11:16:22.700,48.782823413969496,11.476729390869822,48.7828129,11.476805,,,,,,,,,
2023-04-14 11:16:22.800,48.78282339383312,11.476729359847026,,,,,,,,,,,
2023-04-14 11:16:22.900,48.78282340960591,11.476729389567383,,,,,,,,,,,
2023-04-14 11:16:23.000,48.78282339756807,11.476729385306225,,,48.782817,11.476707,0.0,,,,48.782794,11.476711,0.0
2023-04-14 11:16:23.100,48.78282338572042,11.476729384476306,,,,,,,,,,,
2023-04-14 11:16:23.200,48.7828233751825,11.476729358239188,,,,,,,,,,,
2023-04-14 11:16:23.300,48.78282336003805,11.476729362021723,,,,,,,,,,,
2023-04-14 11:16:23.400,48.7828233381649,11.476729347420116,,,,,,,,,,,
2023-04-14 11:16:23.500,48.78282328421127,11.476729341411346,,,,,,,,,,,
2023-04-14 11:16:23.600,48.78282322478086,11.47672928208068,48.7828196,11.4767666,,,,,,,,,
2023-04-14 11:16:23.700,48.78282307690485,11.4767291748342,,,,,,,,,,,
2023-04-14 11:16:23.800,48.78282287907753,11.47672907357742,,,,,,,,,,,
2023-04-14 11:16:23.900,48.782822654319126,11.47672887189064,,,,,,,,,,,
2023-04-14 11:16:24.000,48.782822383611446,11.47672870367094,,,48.782817,11.476704,97.5,48.78281,11.476764,0.0,48.782794,11.476712,97.5
2023-04-14 11:16:24.000,48.782822383611446,11.47672870367094,,,48.782817,11.476704,244.5,48.78281,11.476764,0.0,48.782794,11.476712,97.5
2023-04-14 11:16:24.000,48.782822383611446,11.47672870367094,,,48.782817,11.476704,249.0,48.78281,11.476764,0.0,48.782794,11.476712,97.5
2023-04-14 11:16:24.000,48.782822383611446,11.47672870367094,,,48.782817,11.476704,351.0,48.78281,11.476764,0.0,48.782794,11.476712,97.5
2023-04-14 11:16:24.100,48.78282205340201,11.476728486976445,,,,,,,,,,,
2023-04-14 11:16:24.200,48.7828216850028,11.47672826254599,,,,,,,,,,,
2023-04-14 11:16:24.300,48.782821309322415,11.476728045258804,,,,,,,,,,,
2023-04-14 11:16:24.400,48.782820939520256,11.476727807703424,,,,,,,,,,,
2023-04-14 11:16:24.500,48.78282050420176,11.476727538727488,,,,,,,,,,,
2023-04-14 11:16:24.600,48.78282011790547,11.476727235177874,48.7828267,11.4767328,,,,,,,,,
2023-04-14 11:16:24.700,48.78281969253453,11.476726912785518,,,,,,,,,,,
2023-04-14 11:16:24.800,48.7828192409079,11.47672652504025,,,,,,,,,,,
2023-04-14 11:16:24.900,48.782818740501625,11.476726083295713,,,,,,,,,,,
2023-04-14 11:16:25.000,48.7828182775045,11.476725605472074,,,,,,48.782814,11.476758,0.0,48.782791,11.47671,244.5
2023-04-14 11:16:25.100,48.78281779601924,11.476725091121043,,,,,,,,,,,
2023-04-14 11:16:25.200,48.78281721685424,11.476724591644556,,,,,,,,,,,
2023-04-14 11:16:25.300,48.78281678443819,11.476724024282891,,,,,,,,,,,
2023-04-14 11:16:25.400,48.7828163032309,11.476723642913235,,,,,,,,,,,
2023-04-14 11:16:25.500,48.78281589226032,11.476723153335604,,,,,,,,,,,
2023-04-14 11:16:25.600,48.78281545548611,11.476722748235533,48.7828302,11.4767138,,,,,,,,,
2023-04-14 11:16:25.700,48.782815005486526,11.476722363631549,,,,,,,,,,,
2023-04-14 11:16:25.800,48.7828145524528,11.476721913539972,,,,,,,,,,,
2023-04-14 11:16:25.900,48.78281406783442,11.476721522030116,,,,,,,,,,,
2023-04-14 11:16:26.000,48.78281359349111,11.476721085604767,,,,,,48.782817,11.476752,0.0,48.782787,11.476706,249.0
2023-04-14 11:16:26.100,48.78281308487644,11.476720612412578,,,,,,,,,,,
2023-04-14 11:16:26.200,48.78281259742802,11.476720114729334,,,,,,,,,,,
2023-04-14 11:16:26.300,48.78281211094017,11.476719564840892,,,,,,,,,,,
2023-04-14 11:16:26.400,48.782811514095336,11.476719137719376,,,,,,,,,,,
2023-04-14 11:16:26.500,48.782810979550725,11.476718555605704,,,,,,,,,,,
2023-04-14 11:16:26.600,48.78281043964866,11.476718031781449,48.7828294,11.4767087,,,,,,,,,
2023-04-14 11:16:26.700,48.782809833948654,11.476717407703758,,,,,,,,,,,
2023-04-14 11:16:26.800,48.78280927982827,11.476716866938698,,,,,,,,,,,
2023-04-14 11:16:26.900,48.782808688652416,11.476716304698924,,,,,,,,,,,
2023-04-14 11:16:27.000,48.78280801657439,11.476715789709756,,,48.782768,11.476725,351.0,48.782821,11.476747,0.0,48.782783,11.4767,351.0
2023-04-14 11:16:27.000,48.78280801657439,11.476715789709756,,,48.782768,11.476725,289.5,48.782821,11.476747,0.0,48.782783,11.4767,351.0
2023-04-14 11:16:27.100,48.78280739859825,11.476715240303102,,,,,,,,,,,
2023-04-14 11:16:27.200,48.7828067747315,11.476714686626703,,,,,,,,,,,
2023-04-14 11:16:27.300,48.78280608348039,11.476714112176804,,,,,,,,,,,
2023-04-14 11:16:27.400,48.7828054120645,11.476713571063328,,,,,,,,,,,
2023-04-14 11:16:27.500,48.78280470763272,11.476713012435813,,,,,,,,,,,
2023-04-14 11:16:27.600,48.78280402366912,11.47671236094093,48.7828285,11.4767014,,,,,,,,,
2023-04-14 11:16:27.700,48.78280335901078,11.476711805887044,,,,,,,,,,,
2023-04-14 11:16:27.800,48.782802665463535,11.476711285484695,,,,,,,,,,,
2023-04-14 11:16:27.900,48.78280205235404,11.476710775116944,,,,,,,,,,,
2023-04-14 11:16:28.000,48.78280136207043,11.476710186426583,48.782828,11.4766991,48.782775,11.476711,289.5,48.782821,11.476742,97.5,48.782779,11.476696,289.5
2023-04-14 11:16:28.000,48.78280136207043,11.476710186426583,48.782828,11.4766991,48.782775,11.476711,289.5,48.782821,11.476742,244.5,48.782779,11.476696,289.5
2023-04-14 11:16:28.100,48.782800662255234,11.476709561368232,,,,,,,,,,,
2023-04-14 11:16:28.200,48.78280003483199,11.476709055413032,,,,,,,,,,,
2023-04-14 11:16:28.300,48.782799353072754,11.476708498959932,,,,,,,,,,,
2023-04-14 11:16:28.400,48.78279867232707,11.4767079569606,,,,,,,,,,,
2023-04-14 11:16:28.500,48.78279800858966,11.476707353187631,,,,,,,,,,,
2023-04-14 11:16:28.600,48.782797348079214,11.476706747282002,48.782827,11.4766948,,,,,,,,,
2023-04-14 11:16:28.700,48.782796642188295,11.476706208146478,,,,,,,,,,,
2023-04-14 11:16:28.800,48.78279594583953,11.476705631506595,,,,,,,,,,,
2023-04-14 11:16:28.900,48.78279528937457,11.47670509765663,,,,,,,,,,,
2023-04-14 11:16:29.000,48.78279461315795,11.476704580563853,,,48.782779,11.476675,352.5,,,,48.782772,11.47669,352.5
2023-04-14 11:16:29.000,48.78279461315795,11.476704580563853,,,48.782779,11.476675,453.0,,,,48.782772,11.47669,352.5
2023-04-14 11:16:29.000,48.78279461315795,11.476704580563853,,,48.782779,11.476675,316.5,,,,48.782772,11.47669,352.5
2023-04-14 11:16:29.100,48.78279397893418,11.47670398424172,,,,,,,,,,,
2023-04-14 11:16:29.200,48.78279343498564,11.476703507145288,,,,,,,,,,,
2023-04-14 11:16:29.300,48.78279283050261,11.47670304896735,,,,,,,,,,,
2023-04-14 11:16:29.400,48.78279231644535,11.476702596726325,,,,,,,,,,,
2023-04-14 11:16:29.500,48.78279179243,11.476702179976527,,,,,,,,,,,
2023-04-14 11:16:29.600,48.782791335138064,11.47670167546254,48.7828203,11.4766867,,,,,,,,,
2023-04-14 11:16:29.700,48.782790829285446,11.476701424148002,,,,,,,,,,,
2023-04-14 11:16:29.800,48.78279043415555,11.476701013978836,,,,,,,,,,,
2023-04-14 11:16:29.900,48.78279008147658,11.476700737016223,,,,,,,,,,,
2023-04-14 11:16:30.000,48.782789673656936,11.476700358055623,,,48.782779,11.476675,316.5,48.782817,11.476737,249.0,48.782764,11.476684,453.0
2023-04-14 11:16:30.100,48.78278931299303,11.476700101367458,,,,,,,,,,,
2023-04-14 11:16:30.200,48.78278892847007,11.476699846178,,,,,,,,,,,
2023-04-14 11:16:30.300,48.782788655400736,11.47669958074305,,,,,,,,,,,
2023-04-14 11:16:30.400,48.782788324365626,11.47669932236821,,,,,,,,,,,
2023-04-14 11:16:30.500,48.78278801715236,11.476698935527226,,,,,,,,,,,
2023-04-14 11:16:30.600,48.78278779345437,11.476698658865615,48.7828137,11.4766813,,,,,,,,,
2023-04-14 11:16:30.700,48.7827875217522,11.4766983707233,,,,,,,,,,,
2023-04-14 11:16:30.800,48.7827873213073,11.476698119216763,,,,,,,,,,,
2023-04-14 11:16:30.900,48.782787157086894,11.47669788966865,,,,,,,,,,,
2023-04-14 11:16:31.000,48.78278702760562,11.476697662807888,,,48.782779,11.476675,316.5,48.782814,11.476735,351.0,48.782764,11.47668,316.5
2023-04-14 11:16:31.100,48.78278691442671,11.476697470694752,,,,,,,,,,,
2023-04-14 11:16:31.200,48.782786808353485,11.476697394453597,,,,,,,,,,,
2023-04-14 11:16:31.300,48.78278666190697,11.476697237057138,,,,,,,,,,,
2023-04-14 11:16:31.400,48.7827865210011,11.47669709399663,,,,,,,,,,,
2023-04-14 11:16:31.500,48.78278647549021,11.476696975723932,,,,,,,,,,,
2023-04-14 11:16:31.600,48.78278638152642,11.476696945979455,48.7828071,11.4766765,,,,,,,,,
2023-04-14 11:16:31.700,48.78278633701237,11.476696890725728,,,,,,,,,,,
2023-04-14 11:16:31.800,48.78278629652669,11.476696857861716,,,,,,,,,,,
2023-04-14 11:16:31.900,48.78278624575648,11.476696823248728,,,,,,,,,,,
2023-04-14 11:16:32.000,48.78278622143595,11.476696789488372,,,48.782695,11.476674,394.5,48.78281,11.476729,289.5,48.78276,11.476678,394.5
2023-04-14 11:16:32.100,48.78278623407891,11.476696820692409,,,,,,,,,,,
2023-04-14 11:16:32.200,48.782786233589086,11.476696821115938,,,,,,,,,,,
2023-04-14 11:16:32.300,48.78278623197064,11.476696831287104,,,,,,,,,,,
2023-04-14 11:16:32.400,48.78278623194056,11.47669681652283,,,,,,,,,,,
2023-04-14 11:16:32.500,48.78278623632293,11.476696802460454,,,,,,,,,,,
2023-04-14 11:16:32.600,48.78278623751792,11.476696789368818,,,,,,,,,,,
2023-04-14 11:16:32.700,48.782786217346526,11.47669683496308,48.7828022,11.4766732,,,,,,,,,
2023-04-14 11:16:32.800,48.78278620220316,11.476696848232669,,,,,,,,,,,
2023-04-14 11:16:32.900,48.7827862091399,11.476696851750436,,,,,,,,,,,
2023-04-14 11:16:33.000,48.782786211185936,11.476696863476088,,,48.782699,11.476672,392.2,48.782802,11.476724,352.5,48.78276,11.476677,392.2
2023-04-14 11:16:33.100,48.78278622885409,11.476696861895082,,,,,,,,,,,
2023-04-14 11:16:33.200,48.78278622227873,11.476696863510565,48.7828041,11.4766743,,,,,,,,,
2023-04-14 11:16:33.300,48.78278620157271,11.47669685307979,,,,,,,,,,,
2023-04-14 11:16:33.400,48.782786196972296,11.47669681482804,,,,,,,,,,,
2023-04-14 11:16:33.500,48.78278619263597,11.47669683880767,,,,,,,,,,,
2023-04-14 11:16:33.600,48.78278616028831,11.476696791192833,,,,,,,,,,,
2023-04-14 11:16:33.700,48.78278617323684,11.476696797672291,,,,,,,,,,,
2023-04-14 11:16:33.800,48.78278617838938,11.47669680619444,,,,,,,,,,,
2023-04-14 11:16:33.900,48.78278616783636,11.476696802018704,,,,,,,,,,,
2023-04-14 11:16:34.000,48.78278616356809,11.47669680248504,,,48.782707,11.476675,1482.6,48.782791,11.476718,453.0,48.78276,11.476676,1482.6
2023-04-14 11:16:34.100,48.78278615038335,11.47669676665725,,,,,,,,,,,
2023-04-14 11:16:34.200,48.78278608767008,11.47669674139966,,,,,,,,,,,
2023-04-14 11:16:34.300,48.78278601525231,11.476696688135016,48.7828039,11.4766753,,,,,,,,,
2023-04-14 11:16:34.400,48.78278584959603,11.476696535866711,,,,,,,,,,,
2023-04-14 11:16:34.500,48.78278564422099,11.476696340682205,,,,,,,,,,,
2023-04-14 11:16:34.600,48.78278535938018,11.476696159324248,,,,,,,,,,,
2023-04-14 11:16:34.700,48.782785008415466,11.476695919149346,,,,,,,,,,,
2023-04-14 11:16:34.800,48.7827845879072,11.476695622594374,,,,,,,,,,,
2023-04-14 11:16:34.900,48.78278423881921,11.47669534388868,,,,,,,,,,,
2023-04-14 11:16:35.000,48.78278382366023,11.47669501543682,,,48.782718,11.476692,253.5,48.782791,11.476716,316.5,48.78276,11.476675,253.5
2023-04-14 11:16:35.100,48.78278337751109,11.476694576972696,,,,,,,,,,,
2023-04-14 11:16:35.200,48.78278292377424,11.476694189002444,,,,,,,,,,,
2023-04-14 11:16:35.300,48.78278247609086,11.476693766003082,,,,,,,,,,,
2023-04-14 11:16:35.400,48.78278203701119,11.476693347214068,48.7828029,11.4766742,,,,,,,,,
2023-04-14 11:16:35.500,48.78278155958377,11.476692878663943,,,,,,,,,,,
2023-04-14 11:16:35.600,48.7827810506598,11.476692362081364,,,,,,,,,,,
2023-04-14 11:16:35.700,48.782780538300734,11.476691802278014,,,,,,,,,,,
2023-04-14 11:16:35.800,48.78278000144207,11.476691292613378,,,,,,,,,,,
2023-04-14 11:16:35.900,48.78277940636759,11.476690716513316,,,,,,,,,,,
2023-04-14 11:16:36.000,48.78277881875513,11.47669017910432,,,48.782733,11.476679,429.0,48.782787,11.476713,394.5,48.78276,11.476673,429.0
2023-04-14 11:16:36.100,48.78277822008767,11.476689602740375,,,,,,,,,,,
2023-04-14 11:16:36.200,48.78277758287973,11.47668901803046,,,,,,,,,,,
2023-04-14 11:16:36.300,48.78277690882783,11.47668844311925,,,,,,,,,,,
2023-04-14 11:16:36.400,48.78277624427807,11.476687840007056,48.782803,11.476673,,,,,,,,,
2023-04-14 11:16:36.500,48.78277551296379,11.476687267647344,,,,,,,,,,,
2023-04-14 11:16:36.600,48.782774765372174,11.47668666644091,,,,,,,,,,,
2023-04-14 11:16:36.700,48.78277398411623,11.476686089436807,,,,,,,,,,,
2023-04-14 11:16:36.800,48.78277325158428,11.476685408603789,,,,,,,,,,,
2023-04-14 11:16:36.900,48.78277248966618,11.476684780281824,,,,,,,,,,,
2023-04-14 11:16:37.000,48.78277175721636,11.476684117689729,48.7828029,11.4766723,48.782741,11.476676,294.0,48.782783,11.47671,392.2,48.782752,11.476667,294.0
2023-04-14 11:16:37.100,48.78277098630839,11.47668345168088,,,,,,,,,,,
2023-04-14 11:16:37.200,48.7827702524911,11.476682783401357,,,,,,,,,,,
2023-04-14 11:16:37.300,48.782769399927965,11.476682080391583,,,,,,,,,,,
2023-04-14 11:16:37.400,48.782768609482574,11.476681405624184,,,,,,,,,,,
2023-04-14 11:16:37.500,48.782767872177146,11.47668073850996,48.782803,11.4766719,,,,,,,,,
2023-04-14 11:16:37.600,48.78276710375182,11.476680070174902,,,,,,,,,,,
2023-04-14 11:16:37.700,48.78276633452659,11.47667936198903,,,,,,,,,,,
2023-04-14 11:16:37.800,48.78276556529303,11.476678681078411,,,,,,,,,,,
2023-04-14 11:16:37.900,48.78276478024778,11.47667791458442,,,,,,,,,,,
2023-04-14 11:16:38.000,48.78276402919474,11.47667723588968,48.7828032,11.4766711,48.782733,11.476669,322.5,48.782783,11.476706,1482.6,48.782745,11.47666,322.5
2023-04-14 11:16:38.100,48.782763288732944,11.476676429884067,,,,,,,,,,,
2023-04-14 11:16:38.200,48.78276254097088,11.476675767356095,,,,,,,,,,,
2023-04-14 11:16:38.300,48.78276183695698,11.476674974979913,,,,,,,,,,,
2023-04-14 11:16:38.400,48.78276109805217,11.4766743080036,,,,,,,,,,,
2023-04-14 11:16:38.500,48.78276038067573,11.47667346612915,,,,,,,,,,,
2023-04-14 11:16:38.600,48.78275955850689,11.47667269313643,48.7828051,11.4766704,,,,,,,,,
2023-04-14 11:16:38.700,48.78275875860984,11.47667190155183,,,,,,,,,,,
2023-04-14 11:16:38.800,48.78275800901362,11.47667109154978,,,,,,,,,,,
2023-04-14 11:16:38.900,48.78275726958876,11.476670228301629,,,,,,,,,,,
2023-04-14 11:16:39.000,48.78275644703113,11.476669460653968,,,48.782726,11.47666,339.0,48.782779,11.476702,253.5,48.782741,11.476653,339.0
2023-04-14 11:16:39.100,48.782755678151695,11.476668603392133,48.7828082,11.4766701,,,,,,,,,
2023-04-14 11:16:39.200,48.78275485083593,11.476667780651528,,,,,,,,,,,
2023-04-14 11:16:39.300,48.78275410490399,11.476666890615006,,,,,,,,,,,
2023-04-14 11:16:39.400,48.78275338786421,11.476666029547374,,,,,,,,,,,
2023-04-14 11:16:39.500,48.78275259674434,11.47666516365536,,,,,,,,,,,
2023-04-14 11:16:39.600,48.78275188618451,11.476664308665615,48.7828094,11.4766698,,,,,,,,,
2023-04-14 11:16:39.700,48.78275115558714,11.476663362354998,,,,,,,,,,,
2023-04-14 11:16:39.800,48.78275039080898,11.476662575292378,,,,,,,,,,,
2023-04-14 11:16:39.900,48.78274958666351,11.476661749750797,,,,,,,,,,,
2023-04-14 11:16:40.000,48.782748927561336,11.47666057465192,,,48.782718,11.476648,354.0,48.782775,11.476699,429.0,48.782733,11.476644,354.0
2023-04-14 11:16:40.100,48.78274822308304,11.476659866825198,,,,,,,,,,,
2023-04-14 11:16:40.200,48.782747388101605,11.476659017717171,48.7828129,11.4766686,,,,,,,,,
2023-04-14 11:16:40.300,48.78274673441687,11.476657966728936,,,,,,,,,,,
2023-04-14 11:16:40.400,48.78274597580633,11.476657089709406,,,,,,,,,,,
2023-04-14 11:16:40.500,48.78274526253653,11.47665628644433,,,,,,,,,,,
2023-04-14 11:16:40.600,48.78274450790082,11.476655410966734,,,,,,,,,,,
2023-04-14 11:16:40.700,48.78274378754586,11.476654532065982,48.7828135,11.4766682,,,,,,,,,
2023-04-14 11:16:40.800,48.78274299534648,11.476653714109188,,,,,,,,,,,
2023-04-14 11:16:40.900,48.78274231263213,11.476652796150733,,,,,,,,,,,
2023-04-14 11:16:41.000,48.78274154990332,11.476651969712506,,,48.782718,11.476634,247.5,48.782772,11.476694,294.0,48.782726,11.476634,247.5
2023-04-14 11:16:41.100,48.78274076871633,11.4766511065695,,,,,,,,,,,
2023-04-14 11:16:41.200,48.78273998007473,11.476650234006197,48.7828166,11.4766663,,,,,,,,,
2023-04-14 11:16:41.300,48.78273918039783,11.476649330386389,,,,,,,,,,,
2023-04-14 11:16:41.400,48.78273831330535,11.476648562086025,,,,,,,,,,,
2023-04-14 11:16:41.500,48.78273755544652,11.476647605546866,,,,,,,,,,,
2023-04-14 11:16:41.600,48.78273665772659,11.476646742975454,,,,,,,,,,,
2023-04-14 11:16:41.700,48.78273576123334,11.476645850185418,,,,,,,,,,,
2023-04-14 11:16:41.800,48.782734891123376,11.47664492781983,48.7828183,11.4766631,,,,,,,,,
2023-04-14 11:16:41.900,48.7827340169203,11.476644031112166,,,,,,,,,,,
2023-04-14 11:16:42.000,48.78273306154517,11.476643146361438,,,48.782714,11.476619,235.5,48.782764,11.476688,322.5,48.782718,11.476625,235.5
2023-04-14 11:16:42.100,48.7827321531917,11.476642215969544,,,,,,,,,,,
2023-04-14 11:16:42.200,48.78273119653802,11.47664128761255,,,,,,,,,,,
2023-04-14 11:16:42.300,48.782730255409085,11.476640449565572,48.7828215,11.4766589,,,,,,,,,
2023-04-14 11:16:42.400,48.782729321077646,11.47663957051997,,,,,,,,,,,
2023-04-14 11:16:42.500,48.7827283833548,11.476638634049898,,,,,,,,,,,
2023-04-14 11:16:42.600,48.78272742137313,11.476637788068016,,,,,,,,,,,
2023-04-14 11:16:42.700,48.78272654724788,11.476636874765344,,,,,,,,,,,
2023-04-14 11:16:42.800,48.78272555495375,11.476635963226808,48.7828197,11.4766546,,,,,,,,,
2023-04-14 11:16:42.900,48.78272466230364,11.476635107919554,,,,,,,,,,,
2023-04-14 11:16:43.000,48.78272376187101,11.476634176112572,,,48.782707,11.476603,244.5,48.782756,11.476678,339.0,48.782707,11.476616,244.5
2023-04-14 11:16:43.100,48.78272286710204,11.476633274143744,,,,,,,,,,,
2023-04-14 11:16:43.200,48.782721902859016,11.476632450601878,,,,,,,,,,,
2023-04-14 11:16:43.300,48.782721052498665,11.476631427330592,,,,,,,,,,,
2023-04-14 11:16:43.400,48.78272015066293,11.47663054488883,48.782817,11.4766531,,,,,,,,,
2023-04-14 11:16:43.500,48.78271928236568,11.476629644708597,,,,,,,,,,,
2023-04-14 11:16:43.600,48.78271839610744,11.476628743505255,,,,,,,,,,,
2023-04-14 11:16:43.700,48.78271749727774,11.47662786564885,,,,,,,,,,,
2023-04-14 11:16:43.800,48.78271657278688,11.47662696689968,,,,,,,,,,,
2023-04-14 11:16:43.900,48.78271569769655,11.476626045310509,48.7828124,11.4766512,,,,,,,,,
2023-04-14 11:16:44.000,48.78271479892327,11.476625191076923,,,48.782699,11.476593,346.5,48.782749,11.47667,354.0,48.782699,11.476606,346.5
2023-04-14 11:16:44.100,48.78271388429656,11.476624226800949,,,,,,,,,,,
2023-04-14 11:16:44.200,48.78271295052881,11.4766233044071,,,,,,,,,,,
2023-04-14 11:16:44.300,48.782711999348535,11.476622438343762,,,,,,,,,,,
2023-04-14 11:16:44.400,48.78271102947517,11.476621509871714,48.7828088,11.476652,,,,,,,,,
2023-04-14 11:16:44.500,48.78271001623567,11.476620600313506,,,,,,,,,,,
2023-04-14 11:16:44.600,48.7827090236954,11.476619733565451,,,,,,,,,,,
2023-04-14 11:16:44.700,48.78270800485334,11.476618840097716,,,,,,,,,,,
2023-04-14 11:16:44.800,48.78270699538774,11.476617994202169,,,,,,,,,,,
2023-04-14 11:16:44.900,48.78270597957351,11.4766171337178,,,,,,,,,,,
2023-04-14 11:16:45.000,48.78270495279652,11.476616292493022,48.7828027,11.4766472,48.782695,11.476585,337.5,48.782741,11.476661,247.5,48.782688,11.476597,337.5
2023-04-14 11:16:45.100,48.78270388531362,11.476615522172905,,,,,,,,,,,
2023-04-14 11:16:45.200,48.78270288409241,11.476614706238925,,,,,,,,,,,
2023-04-14 11:16:45.300,48.78270178843665,11.476613899050786,,,,,,,,,,,
2023-04-14 11:16:45.400,48.78270072708813,11.47661307590248,,,,,,,,,,,
2023-04-14 11:16:45.500,48.78269965006213,11.476612288590529,48.7827982,11.4766448,,,,,,,,,
2023-04-14 11:16:45.600,48.7826985682777,11.476611535029408,,,,,,,,,,,
2023-04-14 11:16:45.700,48.782697483367045,11.476610730984394,,,,,,,,,,,
2023-04-14 11:16:45.800,48.78269642916578,11.476609983912963,,,,,,,,,,,
2023-04-14 11:16:45.900,48.78269537479046,11.476609273188776,,,,,,,,,,,
2023-04-14 11:16:46.000,48.78269432077282,11.476608523923504,48.7827889,11.476639,48.782688,11.476573,340.5,48.782737,11.476654,235.5,48.78268,11.476589,340.5
2023-04-14 11:16:46.100,48.78269333151356,11.476607710887649,,,,,,,,,,,
2023-04-14 11:16:46.200,48.78269233604535,11.476606910237672,,,,,,,,,,,
2023-04-14 11:16:46.300,48.78269135332195,11.476606137268744,,,,,,,,,,,
2023-04-14 11:16:46.400,48.78269039913515,11.476605318689026,,,,,,,,,,,
2023-04-14 11:16:46.500,48.78268943082888,11.47660444751377,,,,,,,,,,,
2023-04-14 11:16:46.600,48.782688481079,11.476603598479077,48.7827832,11.476634,,,,,,,,,
2023-04-14 11:16:46.700,48.78268753277179,11.47660281446844,,,,,,,,,,,
2023-04-14 11:16:46.800,48.78268662978792,11.476601993845412,,,,,,,,,,,
2023-04-14 11:16:46.900,48.78268572906968,11.476601175697809,,,,,,,,,,,
2023-04-14 11:16:47.000,48.78268482015625,11.476600363071622,,,48.78268,11.476566,318.0,48.78273,11.476644,244.5,48.782669,11.476581,318.0
2023-04-14 11:16:47.100,48.78268392880884,11.476599547303776,48.7827701,11.476623,,,,,,,,,
2023-04-14 11:16:47.200,48.78268300982548,11.476598663882951,,,,,,,,,,,
2023-04-14 11:16:47.300,48.78268207700758,11.476597882338393,,,,,,,,,,,
2023-04-14 11:16:47.400,48.78268122798983,11.476597008012057,,,,,,,,,,,
2023-04-14 11:16:47.500,48.782680340150094,11.476596173492975,,,,,,,,,,,
2023-04-14 11:16:47.600,48.78267941596409,11.476595320676244,48.7827528,11.4766097,,,,,,,,,
2023-04-14 11:16:47.700,48.78267847767568,11.476594504466693,,,,,,,,,,,
2023-04-14 11:16:47.800,48.782677527241255,11.47659368744337,,,,,,,,,,,
2023-04-14 11:16:47.900,48.7826765933664,11.476592894225226,,,,,,,,,,,
2023-04-14 11:16:48.000,48.78267565066438,11.476592079038214,,,48.782672,11.476553,271.5,48.782718,11.476636,346.5,48.782661,11.476572,271.5
2023-04-14 11:16:48.100,48.782674702715376,11.476591245083837,,,,,,,,,,,
2023-04-14 11:16:48.200,48.7826737868004,11.476590431429466,48.7827372,11.4766011,,,,,,,,,
2023-04-14 11:16:48.300,48.78267281369623,11.476589701187152,,,,,,,,,,,
2023-04-14 11:16:48.400,48.78267185782936,11.476588827553918,,,,,,,,,,,
2023-04-14 11:16:48.500,48.782670919231485,11.476588021316749,,,,,,,,,,,
2023-04-14 11:16:48.600,48.78266997827709,11.47658725293857,,,,,,,,,,,
2023-04-14 11:16:48.700,48.78266895716862,11.476586412738856,48.7827219,11.4765952,,,,,,,,,
2023-04-14 11:16:48.800,48.78266794335243,11.476585604630108,,,,,,,,,,,
2023-04-14 11:16:48.900,48.78266693318162,11.476584853201462,,,,,,,,,,,
2023-04-14 11:16:49.000,48.78266589588184,11.476584031854337,,,48.782661,11.47655,298.5,48.782707,11.476629,337.5,48.782649,11.476564,298.5
2023-04-14 11:16:49.100,48.78266483822958,11.476583324733486,,,,,,,,,,,
2023-04-14 11:16:49.200,48.78266385497963,11.47658248884686,,,,,,,,,,,
2023-04-14 11:16:49.300,48.78266279322522,11.476581746139342,48.7827121,11.4765898,,,,,,,,,
2023-04-14 11:16:49.400,48.78266172416494,11.476580939241783,,,,,,,,,,,
2023-04-14 11:16:49.500,48.78266072043445,11.476580117998246,,,,,,,,,,,
2023-04-14 11:16:49.600,48.78265976813497,11.476579353332918,,,,,,,,,,,
2023-04-14 11:16:49.700,48.78265871300016,11.476578567437912,,,,,,,,,,,
2023-04-14 11:16:49.800,48.78265768456253,11.476577789417773,48.782699,11.4765828,,,,,,,,,
2023-04-14 11:16:49.900,48.78265664538223,11.47657710319812,,,,,,,,,,,
2023-04-14 11:16:50.000,48.78265562642492,11.476576289147683,,,48.782649,11.476544,283.5,48.782699,11.476619,340.5,48.782642,11.476556,283.5
2023-04-14 11:16:50.100,48.78265463990939,11.47657549783449,,,,,,,,,,,
2023-04-14 11:16:50.200,48.78265363743182,11.476574798859335,,,,,,,,,,,
2023-04-14 11:16:50.300,48.78265265608458,11.47657401484796,48.7826922,11.4765784,,,,,,,,,
2023-04-14 11:16:50.400,48.78265166729976,11.47657316744648,,,,,,,,,,,
2023-04-14 11:16:50.500,48.78265072528772,11.476572364834652,,,,,,,,,,,
2023-04-14 11:16:50.600,48.78264980881048,11.47657160114215,,,,,,,,,,,
2023-04-14 11:16:50.700,48.78264887281225,11.476570804979046,,,,,,,,,,,
2023-04-14 11:16:50.800,48.78264792748509,11.476569995206056,,,,,,,,,,,
2023-04-14 11:16:50.900,48.78264701183477,11.47656906956843,,,,,,,,,,,
2023-04-14 11:16:51.000,48.782646102188096,11.476568253180629,,,48.782642,11.476537,367.5,48.782688,11.476611,318.0,48.78263,11.476548,367.5
2023-04-14 11:16:51.100,48.78264521942511,11.476567470300528,,,,,,,,,,,
2023-04-14 11:16:51.200,48.78264431182589,11.476566625771625,,,,,,,,,,,
2023-04-14 11:16:51.300,48.78264340136467,11.476565804047372,,,,,,,,,,,
2023-04-14 11:16:51.400,48.78264243758865,11.476564961954123,48.782678,11.4765684,,,,,,,,,
2023-04-14 11:16:51.500,48.7826415383899,11.476564218478028,,,,,,,,,,,
2023-04-14 11:16:51.600,48.78264056068426,11.47656345865446,,,,,,,,,,,
2023-04-14 11:16:51.700,48.78263961171928,11.476562619076333,,,,,,,,,,,
2023-04-14 11:16:51.800,48.78263871913625,11.476561851828304,,,,,,,,,,,
2023-04-14 11:16:51.900,48.78263763664207,11.476561039824624,48.7826665,11.4765606,,,,,,,,,
2023-04-14 11:16:52.000,48.78263667835648,11.476560230016092,,,48.782634,11.476526,334.5,48.782676,11.476602,271.5,48.782619,11.47654,334.5
2023-04-14 11:16:52.100,48.78263564220263,11.476559513888043,,,,,,,,,,,
2023-04-14 11:16:52.200,48.78263467418469,11.4765587983152,,,,,,,,,,,
2023-04-14 11:16:52.300,48.78263367277771,11.476558120313012,,,,,,,,,,,
2023-04-14 11:16:52.400,48.78263264029306,11.47655739562396,,,,,,,,,,,
2023-04-14 11:16:52.500,48.78263169889031,11.476556711718846,48.7826589,11.4765555,,,,,,,,,
2023-04-14 11:16:52.600,48.78263068764523,11.476556052555033,,,,,,,,,,,
2023-04-14 11:16:52.700,48.78262973094544,11.47655534591873,,,,,,,,,,,
2023-04-14 11:16:52.800,48.78262878551574,11.47655466654618,,,,,,,,,,,
2023-04-14 11:16:52.900,48.78262780391603,11.476553982917055,,,,,,,,,,,
2023-04-14 11:16:53.000,48.78262685459812,11.476553323271302,48.7826497,11.47655,48.782627,11.47652,289.5,48.782665,11.476593,298.5,48.782611,11.476532,289.5
2023-04-14 11:16:53.100,48.78262586494407,11.476552560101618,,,,,,,,,,,
2023-04-14 11:16:53.200,48.78262490533401,11.476551911992535,,,,,,,,,,,
2023-04-14 11:16:53.300,48.78262393125031,11.476551191536494,,,,,,,,,,,
2023-04-14 11:16:53.400,48.7826229483123,11.476550575553397,,,,,,,,,,,
2023-04-14 11:16:53.500,48.782621955266364,11.476549905365104,48.7826429,11.4765462,,,,,,,,,
2023-04-14 11:16:53.600,48.782620970669846,11.476549211914524,,,,,,,,,,,
2023-04-14 11:16:53.700,48.78261993756526,11.47654853859908,,,,,,,,,,,
2023-04-14 11:16:53.800,48.78261900427053,11.47654776840034,,,,,,,,,,,
2023-04-14 11:16:53.900,48.78261798042151,11.476547115183394,,,,,,,,,,,
2023-04-14 11:16:54.000,48.78261698910504,11.476546410719363,,,48.782615,11.476513,337.5,48.782653,11.476588,283.5,48.7826,11.476526,337.5
2023-04-14 11:16:54.100,48.78261598116461,11.47654566568352,48.7826341,11.4765415,,,,,,,,,
2023-04-14 11:16:54.200,48.782614989896665,11.476544958485034,,,,,,,,,,,
2023-04-14 11:16:54.300,48.78261397606548,11.476544250919453,,,,,,,,,,,
2023-04-14 11:16:54.400,48.78261303026211,11.476543505184091,,,,,,,,,,,
2023-04-14 11:16:54.500,48.782611991626325,11.476542801153164,,,,,,,,,,,
2023-04-14 11:16:54.600,48.78261099062047,11.476542145214454,48.7826276,11.4765385,,,,,,,,,
2023-04-14 11:16:54.700,48.7826099854575,11.476541459511129,,,,,,,,,,,
2023-04-14 11:16:54.800,48.782608987205386,11.476540702352317,,,,,,,,,,,
2023-04-14 11:16:54.900,48.78260794678389,11.47654007474009,,,,,,,,,,,
2023-04-14 11:16:55.000,48.782606937933394,11.476539372033052,,,48.782604,11.47651,318.0,48.782642,11.476581,367.5,48.782592,11.476519,318.0
2023-04-14 11:16:55.100,48.78260591239975,11.476538743282926,48.7826142,11.4765338,,,,,,,,,
2023-04-14 11:16:55.200,48.78260491971239,11.476538093011532,,,,,,,,,,,
2023-04-14 11:16:55.300,48.7826039409326,11.476537465437278,,,,,,,,,,,
2023-04-14 11:16:55.400,48.78260289712976,11.47653680684065,,,,,,,,,,,
2023-04-14 11:16:55.500,48.78260188101069,11.476536188465412,,,,,,,,,,,
2023-04-14 11:16:55.600,48.78260084605441,11.476535578969983,,,,,,,,,,,
2023-04-14 11:16:55.700,48.78259981410044,11.476534970141284,48.7826076,11.4765332,,,,,,,,,
2023-04-14 11:16:55.800,48.78259878852024,11.47653440034009,,,,,,,,,,,
2023-04-14 11:16:55.900,48.78259776431738,11.47653380736157,,,,,,,,,,,
2023-04-14 11:16:56.000,48.78259670734039,11.476533237639703,,,48.782592,11.476504,336.0,48.782634,11.476574,334.5,48.782581,11.476512,336.0
2023-04-14 11:16:56.100,48.782595679209045,11.476532605461632,,,,,,,,,,,
2023-04-14 11:16:56.200,48.78259466286384,11.476532000272108,48.7826007,11.476531,,,,,,,,,
2023-04-14 11:16:56.300,48.782593590469794,11.476531473844956,,,,,,,,,,,
2023-04-14 11:16:56.400,48.78259250841933,11.47653089788786,,,,,,,,,,,
2023-04-14 11:16:56.500,48.78259148150463,11.476530295693532,,,,,,,,,,,
2023-04-14 11:16:56.600,48.782590434605495,11.476529710450407,,,,,,,,,,,
2023-04-14 11:16:56.700,48.7825893579507,11.476529168866987,,,,,,,,,,,
2023-04-14 11:16:56.800,48.78258830526062,11.47652863409151,,,,,,,,,,,
2023-04-14 11:16:56.900,48.78258722436159,11.476528100516518,,,,,,,,,,,
2023-04-14 11:16:57.000,48.78258617883163,11.476527546147093,,,48.782585,11.476497,307.5,48.782623,11.476569,289.5,48.782569,11.476507,307.5
2023-04-14 11:16:57.100,48.782585125570094,11.476527013314948,,,,,,,,,,,
2023-04-14 11:16:57.200,48.78258405335163,11.476526512095395,,,,,,,,,,,
2023-04-14 11:16:57.300,48.782583009528,11.476525940487054,48.7825904,11.4765284,,,,,,,,,
2023-04-14 11:16:57.400,48.782581947584966,11.47652529727052,,,,,,,,,,,
2023-04-14 11:16:57.500,48.78258088795652,11.47652473465617,,,,,,,,,,,
2023-04-14 11:16:57.600,48.78257983798596,11.47652412430966,,,,,,,,,,,
2023-04-14 11:16:57.700,48.7825788109844,11.476523566714292,,,,,,,,,,,
2023-04-14 11:16:57.800,48.78257773672643,11.476522998851626,48.7825821,11.476527,,,,,,,,,
2023-04-14 11:16:57.900,48.782576752353904,11.476522298193617,,,,,,,,,,,
2023-04-14 11:16:58.000,48.78257571651493,11.476521794484116,,,48.782577,11.476492,280.5,48.782611,11.476561,337.5,48.782562,11.4765,280.5
2023-04-14 11:16:58.100,48.782574660882,11.476521128322254,,,,,,,,,,,
2023-04-14 11:16:58.200,48.7825736653371,11.4765204406413,,,,,,,,,,,
2023-04-14 11:16:58.300,48.78257266886198,11.476519828831792,48.7825722,11.4765301,,,,,,,,,
2023-04-14 11:16:58.400,48.7825716931544,11.47651913767506,,,,,,,,,,,
2023-04-14 11:16:58.500,48.78257071626611,11.476518417638768,,,,,,,,,,,
2023-04-14 11:16:58.600,48.78256970470584,11.476517637946712,,,,,,,,,,,
2023-04-14 11:16:58.700,48.78256873528326,11.476516947732971,,,,,,,,,,,
2023-04-14 11:16:58.800,48.78256770535685,11.47651622370067,,,,,,,,,,,
2023-04-14 11:16:58.900,48.782566709811086,11.47651546700015,48.7825626,11.4765355,,,,,,,,,
2023-04-14 11:16:59.000,48.7825657031928,11.476514634370814,,,48.782569,11.476491,277.5,48.782604,11.476554,318.0,48.78255,11.476493,277.5
2023-04-14 11:16:59.100,48.78256470097497,11.476513925340123,,,,,,,,,,,
2023-04-14 11:16:59.200,48.78256373068974,11.476513112027549,,,,,,,,,,,
2023-04-14 11:16:59.300,48.7825627257149,11.476512408417497,,,,,,,,,,,
2023-04-14 11:16:59.400,48.78256173443066,11.47651166116523,48.7825565,11.476537,,,,,,,,,
2023-04-14 11:16:59.500,48.78256074011605,11.476510962662546,,,,,,,,,,,
2023-04-14 11:16:59.600,48.78255972322327,11.476510167869169,,,,,,,,,,,
2023-04-14 11:16:59.700,48.78255872444223,11.476509504449217,,,,,,,,,,,
2023-04-14 11:16:59.800,48.78255773337181,11.476508772891917,,,,,,,,,,,
2023-04-14 11:16:59.900,48.78255669307192,11.476508149332728,48.782548,11.4765382,,,,,,,,,
2023-04-14 11:17:00.000,48.7825556472519,11.47650741650873,,,48.782558,11.476483,316.5,48.782588,11.476551,336.0,48.782539,11.476487,316.5
2023-04-14 11:17:00.100,48.78255463558073,11.476506778102038,,,,,,,,,,,
2023-04-14 11:17:00.200,48.782553644913,11.476506056506716,,,,,,,,,,,
2023-04-14 11:17:00.300,48.782552650826425,11.476505406336202,,,,,,,,,,,
2023-04-14 11:17:00.400,48.782551643733576,11.47650472486127,,,,,,,,,,,
2023-04-14 11:17:00.500,48.78255066187408,11.476504058847,48.7825421,11.4765375,,,,,,,,,
2023-04-14 11:17:00.600,48.78254965990404,11.476503432093562,,,,,,,,,,,
2023-04-14 11:17:00.700,48.782548571079005,11.476502726395497,,,,,,,,,,,
2023-04-14 11:17:00.800,48.78254751191951,11.476501965734924,,,,,,,,,,,
2023-04-14 11:17:00.900,48.78254646865861,11.47650138701705,,,,,,,,,,,
2023-04-14 11:17:01.000,48.78254544305836,11.476500775928567,48.7825325,11.476535,48.78255,11.476473,409.5,48.782581,11.476546,307.5,48.782531,11.476479,409.5
2023-04-14 11:17:01.100,48.78254435472398,11.476500131375984,,,,,,,,,,,
2023-04-14 11:17:01.200,48.78254329223114,11.476499501260882,,,,,,,,,,,
2023-04-14 11:17:01.300,48.78254224740553,11.47649891890704,,,,,,,,,,,
2023-04-14 11:17:01.400,48.78254120230957,11.47649829235962,,,,,,,,,,,
2023-04-14 11:17:01.500,48.78254017683281,11.476497666491252,48.7825294,11.4765337,,,,,,,,,
2023-04-14 11:17:01.600,48.7825391849263,11.476497050845866,,,,,,,,,,,
2023-04-14 11:17:01.700,48.78253811777284,11.476496430751116,,,,,,,,,,,
2023-04-14 11:17:01.800,48.782537126594654,11.476495669855282,,,,,,,,,,,
2023-04-14 11:17:01.900,48.78253610436674,11.47649501278104,,,,,,,,,,,
2023-04-14 11:17:02.000,48.782535117928944,11.47649426875513,48.7825231,11.4765305,48.782539,11.476468,318.0,48.782569,11.476542,280.5,48.78252,11.476472,318.0
2023-04-14 11:17:02.100,48.78253408584416,11.476493568057297,,,,,,,,,,,
2023-04-14 11:17:02.200,48.782533064312005,11.47649286576072,,,,,,,,,,,
2023-04-14 11:17:02.300,48.78253203283333,11.476492178620182,,,,,,,,,,,
2023-04-14 11:17:02.400,48.7825310457139,11.476491482401748,,,,,,,,,,,
2023-04-14 11:17:02.500,48.78253005157791,11.476490766642458,,,,,,,,,,,
2023-04-14 11:17:02.600,48.78252906147373,11.476490158680964,48.7825162,11.4765273,,,,,,,,,
2023-04-14 11:17:02.700,48.782528039199605,11.476489447743475,,,,,,,,,,,
2023-04-14 11:17:02.800,48.78252703012678,11.476488776694795,,,,,,,,,,,
2023-04-14 11:17:02.900,48.78252603057004,11.47648806208247,,,,,,,,,,,
2023-04-14 11:17:03.000,48.78252511311487,11.476487438997289,,,48.782531,11.476459,312.0,48.782558,11.476534,277.5,48.782508,11.476466,312.0
2023-04-14 11:17:03.100,48.78252403608201,11.476486814893118,48.7825089,11.4765226,,,,,,,,,
2023-04-14 11:17:03.200,48.78252302568944,11.47648618967089,,,,,,,,,,,
2023-04-14 11:17:03.300,48.78252201112121,11.476485545463005,,,,,,,,,,,
2023-04-14 11:17:03.400,48.782521013787104,11.476484987706616,,,,,,,,,,,
2023-04-14 11:17:03.500,48.78251997467415,11.476484454242986,,,,,,,,,,,
2023-04-14 11:17:03.600,48.7825189756888,11.476483884110973,,,,,,,,,,,
2023-04-14 11:17:03.700,48.782517930008375,11.476483313691778,,,,,,,,,,,
2023-04-14 11:17:03.800,48.78251687092001,11.476482818978178,,,,,,,,,,,
2023-04-14 11:17:03.900,48.78251581893735,11.476482348946956,,,,,,,,,,,
2023-04-14 11:17:04.000,48.782514758997046,11.476481906704327,,,48.782524,11.476452,319.5,48.782546,11.476527,316.5,48.782497,11.476461,319.5
2023-04-14 11:17:04.100,48.78251367845883,11.476481456869774,,,,,,,,,,,
2023-04-14 11:17:04.200,48.78251258940757,11.476481073660263,48.7824973,11.4765155,,,,,,,,,
2023-04-14 11:17:04.300,48.78251148801572,11.476480704777138,,,,,,,,,,,
2023-04-14 11:17:04.400,48.78251037200907,11.476480377087515,,,,,,,,,,,
2023-04-14 11:17:04.500,48.78250921814005,11.476480072486662,,,,,,,,,,,
2023-04-14 11:17:04.600,48.78250811724825,11.47647982600917,,,,,,,,,,,
2023-04-14 11:17:04.700,48.78250699591939,11.476479657415029,48.7824899,11.4765108,,,,,,,,,
2023-04-14 11:17:04.800,48.78250587836389,11.476479412921284,,,,,,,,,,,
2023-04-14 11:17:04.900,48.782504719229614,11.476479213249627,,,,,,,,,,,
2023-04-14 11:17:05.000,48.78250357643756,11.476479029422617,,,48.782512,11.476451,375.0,48.782539,11.476522,409.5,48.782485,11.476458,375.0
2023-04-14 11:17:05.100,48.78250239221145,11.476478940918597,,,,,,,,,,,
2023-04-14 11:17:05.200,48.78250126129285,11.476478872901405,,,,,,,,,,,
2023-04-14 11:17:05.300,48.78250010926475,11.476478808935676,48.7824836,11.4765077,,,,,,,,,
2023-04-14 11:17:05.400,48.782498914606805,11.476478754221414,,,,,,,,,,,
2023-04-14 11:17:05.500,48.78249775805802,11.47647879778934,,,,,,,,,,,
2023-04-14 11:17:05.600,48.78249661976773,11.476478788202355,,,,,,,,,,,
2023-04-14 11:17:05.700,48.78249549589391,11.476478786669077,,,,,,,,,,,
2023-04-14 11:17:05.800,48.78249437711907,11.476478779364196,48.7824775,11.4765036,,,,,,,,,
2023-04-14 11:17:05.900,48.78249325260067,11.476478856759556,,,,,,,,,,,
2023-04-14 11:17:06.000,48.78249216722271,11.476478772459616,,,48.782505,11.47645,379.5,48.782527,11.476516,318.0,48.782474,11.476458,379.5
2023-04-14 11:17:06.100,48.782491063627305,11.476478719265456,,,,,,,,,,,
2023-04-14 11:17:06.200,48.7824899655431,11.47647873732832,,,,,,,,,,,
2023-04-14 11:17:06.300,48.78248888766,11.476478748410836,48.7824715,11.4765012,,,,,,,,,
2023-04-14 11:17:06.400,48.78248781691165,11.476478672628978,,,,,,,,,,,
2023-04-14 11:17:06.500,48.78248668745877,11.476478666926162,,,,,,,,,,,
2023-04-14 11:17:06.600,48.782485592685305,11.4764786928461,,,,,,,,,,,
2023-04-14 11:17:06.700,48.78248448858214,11.476478681532669,,,,,,,,,,,
2023-04-14 11:17:06.800,48.78248339530883,11.47647873794424,,,,,,,,,,,
2023-04-14 11:17:06.900,48.78248233344255,11.476478886304156,48.7824655,11.4764988,,,,,,,,,
2023-04-14 11:17:07.000,48.782481216575455,11.476478888297851,,,48.782497,11.476452,280.5,48.782512,11.476511,312.0,48.782463,11.476459,280.5
2023-04-14 11:17:07.100,48.782480113615314,11.476478905551268,,,,,,,,,,,
2023-04-14 11:17:07.200,48.78247898200408,11.47647900146534,,,,,,,,,,,
2023-04-14 11:17:07.300,48.78247786117191,11.476479153270535,,,,,,,,,,,
2023-04-14 11:17:07.400,48.78247674668772,11.476479333589614,48.7824589,11.4764975,,,,,,,,,
2023-04-14 11:17:07.500,48.78247558898536,11.47647966662413,,,,,,,,,,,
2023-04-14 11:17:07.600,48.78247447582779,11.476479977013936,,,,,,,,,,,
2023-04-14 11:17:07.700,48.782473339431874,11.476480218216182,,,,,,,,,,,
2023-04-14 11:17:07.800,48.78247226183482,11.476480598124752,,,,,,,,,,,
2023-04-14 11:17:07.900,48.78247109709546,11.476480955157053,,,,,,,,,,,
2023-04-14 11:17:08.000,48.78246996234722,11.47648144877502,48.7824517,11.476496,48.782485,11.476454,352.5,48.782505,11.476506,319.5,48.782451,11.476462,352.5
2023-04-14 11:17:08.100,48.7824688349588,11.476482075073111,,,,,,,,,,,
2023-04-14 11:17:08.200,48.782467721648366,11.476482499587693,,,,,,,,,,,
2023-04-14 11:17:08.300,48.78246660185957,11.476483091224043,,,,,,,,,,,
2023-04-14 11:17:08.400,48.78246549696917,11.47648364604026,,,,,,,,,,,
2023-04-14 11:17:08.500,48.782464407392666,11.476484205662016,48.7824481,11.4765059,,,,,,,,,
2023-04-14 11:17:08.600,48.78246332206185,11.47648482872983,,,,,,,,,,,
2023-04-14 11:17:08.700,48.78246215817619,11.476485562584784,,,,,,,,,,,
2023-04-14 11:17:08.800,48.78246105146359,11.476486253644204,,,,,,,,,,,
2023-04-14 11:17:08.900,48.782459990695386,11.47648699208122,,,,,,,,,,,
2023-04-14 11:17:09.000,48.78245895917857,11.476487740339952,48.782443,11.4765191,48.782478,11.476458,331.5,48.782497,11.476503,375.0,48.78244,11.476469,331.5
2023-04-14 11:17:09.100,48.7824578332881,11.476488505666838,,,,,,,,,,,
2023-04-14 11:17:09.200,48.78245681329993,11.476489448097134,,,,,,,,,,,
2023-04-14 11:17:09.300,48.782455754074135,11.476490313738598,,,,,,,,,,,
2023-04-14 11:17:09.400,48.78245464561877,11.476491291286612,,,,,,,,,,,
2023-04-14 11:17:09.500,48.78245360987376,11.476492212764324,,,,,,,,,,,
2023-04-14 11:17:09.600,48.7824525763729,11.476493217754934,48.7824377,11.4765256,,,,,,,,,
2023-04-14 11:17:09.700,48.78245160006479,11.47649420988191,,,,,,,,,,,
2023-04-14 11:17:09.800,48.78245059379651,11.476495309054144,,,,,,,,,,,
2023-04-14 11:17:09.900,48.782449653174346,11.47649637578714,,,,,,,,,,,
2023-04-14 11:17:10.000,48.782448631487725,11.47649738274814,,,48.782466,11.476464,424.5,48.782489,11.4765,379.5,48.782428,11.476478,424.5
2023-04-14 11:17:10.100,48.782447702791984,11.476498505564551,48.78243,11.4765347,,,,,,,,,
2023-04-14 11:17:10.200,48.78244676377216,11.47649954501129,,,,,,,,,,,
2023-04-14 11:17:10.300,48.78244574673011,11.476500622740412,,,,,,,,,,,
2023-04-14 11:17:10.400,48.78244477767412,11.47650169889264,,,,,,,,,,,
2023-04-14 11:17:10.500,48.782443857848605,11.476502837523263,,,,,,,,,,,
2023-04-14 11:17:10.600,48.7824429051561,11.476504123197817,48.7824284,11.4765372,,,,,,,,,
2023-04-14 11:17:10.700,48.78244196688684,11.476505287931296,,,,,,,,,,,
2023-04-14 11:17:10.800,48.78244099519068,11.4765064744077,,,,,,,,,,,
2023-04-14 11:17:10.900,48.78244011252078,11.476507729826508,,,,,,,,,,,
2023-04-14 11:17:11.000,48.782439227158605,11.476508939527818,,,48.782455,11.476471,408.0,48.782478,11.476502,280.5,48.782417,11.47649,408.0
2023-04-14 11:17:11.100,48.78243839734616,11.476510177307144,,,,,,,,,,,
2023-04-14 11:17:11.200,48.78243751960783,11.476511484482492,48.7824217,11.4765423,,,,,,,,,
2023-04-14 11:17:11.300,48.78243668363559,11.476512803232824,,,,,,,,,,,
2023-04-14 11:17:11.400,48.7824358549422,11.476514158712764,,,,,,,,,,,
2023-04-14 11:17:11.500,48.78243513454613,11.476515568427844,,,,,,,,,,,
2023-04-14 11:17:11.600,48.78243437455495,11.476516962170534,,,,,,,,,,,
2023-04-14 11:17:11.700,48.78243360680323,11.476518351834155,48.7824154,11.4765465,,,,,,,,,
2023-04-14 11:17:11.800,48.78243290396346,11.47651977896978,,,,,,,,,,,
2023-04-14 11:17:11.900,48.78243217093963,11.476521271620674,,,,,,,,,,,
2023-04-14 11:17:12.000,48.78243153710504,11.476522743217776,,,48.78244,11.476479,292.5,48.782474,11.476499,352.5,48.782409,11.476507,292.5
2023-04-14 11:17:12.100,48.78243084262795,11.476524172239449,,,,,,,,,,,
2023-04-14 11:17:12.200,48.78243028397526,11.476525793492156,48.7824114,11.47655,,,,,,,,,
2023-04-14 11:17:12.300,48.78242972807457,11.476527356605713,,,,,,,,,,,
2023-04-14 11:17:12.400,48.782429222024426,11.476528960394653,,,,,,,,,,,
2023-04-14 11:17:12.500,48.78242863874536,11.476530528581636,,,,,,,,,,,
2023-04-14 11:17:12.600,48.782428175680174,11.476532155508028,,,,,,,,,,,
2023-04-14 11:17:12.700,48.78242770201852,11.4765337349019,,,,,,,,,,,
2023-04-14 11:17:12.800,48.782427301620366,11.47653539236307,48.7824076,11.4765527,,,,,,,,,
2023-04-14 11:17:12.900,48.78242684841987,11.476537031503852,,,,,,,,,,,
2023-04-14 11:17:13.000,48.782426399853854,11.476538615736734,,,48.782436,11.476488,388.5,48.782466,11.476502,331.5,48.782405,11.476524,388.5
2023-04-14 11:17:13.100,48.782425988326885,11.476540268845914,,,,,,,,,,,
2023-04-14 11:17:13.200,48.78242568066264,11.476541952627064,,,,,,,,,,,
2023-04-14 11:17:13.300,48.7824253416801,11.476543549890124,48.7824034,11.4765564,,,,,,,,,
2023-04-14 11:17:13.400,48.78242496403018,11.476545273448911,,,,,,,,,,,
2023-04-14 11:17:13.500,48.78242458857948,11.476546853457242,,,,,,,,,,,
2023-04-14 11:17:13.600,48.782424305218136,11.476548472339404,,,,,,,,,,,
2023-04-14 11:17:13.700,48.78242397145134,11.476549990829657,,,,,,,,,,,
2023-04-14 11:17:13.800,48.78242364391013,11.47655151042217,,,,,,,,,,,
2023-04-14 11:17:13.900,48.782423485155824,11.476553159198644,,,,,,,,,,,
2023-04-14 11:17:14.000,48.78242319242692,11.476554716040924,,,48.782428,11.476496,285.0,48.782455,11.476509,424.5,48.782402,11.476542,285.0
2023-04-14 11:17:14.100,48.78242301966193,11.47655620119071,,,,,,,,,,,
2023-04-14 11:17:14.200,48.78242277859484,11.476557708763195,,,,,,,,,,,
2023-04-14 11:17:14.300,48.782422501457326,11.476559163143548,,,,,,,,,,,
2023-04-14 11:17:14.400,48.7824222552529,11.476560655579268,48.782397,11.4765662,,,,,,,,,
2023-04-14 11:17:14.500,48.782422039073936,11.476562107999776,,,,,,,,,,,
2023-04-14 11:17:14.600,48.782421841460064,11.476563539068689,,,,,,,,,,,
2023-04-14 11:17:14.700,48.78242171815508,11.476565022366806,,,,,,,,,,,
2023-04-14 11:17:14.800,48.782421590184896,11.476566411618924,,,,,,,,,,,
2023-04-14 11:17:14.900,48.78242141388731,11.476567738420696,48.7823944,11.4765722,,,,,,,,,
2023-04-14 11:17:15.000,48.78242123740242,11.476569085966949,,,48.782421,11.476509,316.5,48.782447,11.476519,408.0,48.782398,11.476558,316.5
2023-04-14 11:17:15.100,48.78242108781278,11.476570456340951,,,,,,,,,,,
2023-04-14 11:17:15.200,48.78242089971906,11.476571809374798,,,,,,,,,,,
2023-04-14 11:17:15.300,48.78242074413487,11.476573113489165,,,,,,,,,,,
2023-04-14 11:17:15.400,48.78242058988688,11.476574490790018,48.7823928,11.4765781,,,,,,,,,
2023-04-14 11:17:15.500,48.78242048116371,11.47657587030899,,,,,,,,,,,
2023-04-14 11:17:15.600,48.7824204650015,11.476577338716115,,,,,,,,,,,
2023-04-14 11:17:15.700,48.7824203691492,11.476578789718372,,,,,,,,,,,
2023-04-14 11:17:15.800,48.78242019519804,11.476580164456216,,,,,,,,,,,
2023-04-14 11:17:15.900,48.782420150537,11.47658165275926,,,,,,,,,,,
2023-04-14 11:17:16.000,48.78242014663575,11.476583206792087,48.782391,11.4765866,48.782421,11.476521,306.0,48.782447,11.476527,292.5,48.782398,11.476572,306.0
2023-04-14 11:17:16.100,48.78242005718284,11.476584633885077,,,,,,,,,,,
2023-04-14 11:17:16.200,48.78242008651914,11.476586196362073,,,,,,,,,,,
2023-04-14 11:17:16.300,48.782420003263255,11.476587703220469,,,,,,,,,,,
2023-04-14 11:17:16.400,48.782419954150406,11.476589244543012,,,,,,,,,,,
2023-04-14 11:17:16.500,48.78241989468917,11.47659083603954,48.7823904,11.4765915,,,,,,,,,
2023-04-14 11:17:16.600,48.782419841869086,11.476592426616907,,,,,,,,,,,
2023-04-14 11:17:16.700,48.78241980892638,11.476594070995422,,,,,,,,,,,
2023-04-14 11:17:16.800,48.782419948579566,11.476595832318518,,,,,,,,,,,
2023-04-14 11:17:16.900,48.78241988609134,11.476597491833914,,,,,,,,,,,
2023-04-14 11:17:17.000,48.78241993534738,11.476599107721787,48.7823892,11.4766017,48.782417,11.476532,277.5,48.782436,11.476539,388.5,48.782398,11.476589,277.5
2023-04-14 11:17:17.100,48.78242003891912,11.47660087668362,,,,,,,,,,,
2023-04-14 11:17:17.200,48.78242014751213,11.476602577114924,,,,,,,,,,,
2023-04-14 11:17:17.300,48.78242022433168,11.476604303577018,,,,,,,,,,,
2023-04-14 11:17:17.400,48.782420373690925,11.476605981878082,,,,,,,,,,,
2023-04-14 11:17:17.500,48.78242048904367,11.476607779575696,,,,,,,,,,,
2023-04-14 11:17:17.600,48.78242069143184,11.476609536589471,48.7823889,11.4766064,,,,,,,,,
2023-04-14 11:17:17.700,48.7824209142133,11.476611299055095,,,,,,,,,,,
2023-04-14 11:17:17.800,48.7824210814247,11.476613129631932,,,,,,,,,,,
2023-04-14 11:17:17.900,48.782421304490605,11.476614851125184,,,,,,,,,,,
2023-04-14 11:17:18.000,48.78242155271995,11.47661656069989,,,48.782413,11.47655,414.0,48.782428,11.476553,285.0,48.782402,11.476607,414.0
2023-04-14 11:17:18.100,48.782421744022045,11.47661822004662,48.7823886,11.4766161,,,,,,,,,
2023-04-14 11:17:18.200,48.782422006247394,11.47661986634164,,,,,,,,,,,
2023-04-14 11:17:18.300,48.78242240447506,11.476621452195484,,,,,,,,,,,
2023-04-14 11:17:18.400,48.78242276824969,11.476622927116027,,,,,,,,,,,
2023-04-14 11:17:18.500,48.7824230964524,11.476624583268483,,,,,,,,,,,
2023-04-14 11:17:18.600,48.78242331534874,11.476626238440236,48.7823917,11.476624,,,,,,,,,
2023-04-14 11:17:18.700,48.78242358653066,11.476627978886407,,,,,,,,,,,
2023-04-14 11:17:18.800,48.78242397652394,11.476629404797714,,,,,,,,,,,
2023-04-14 11:17:18.900,48.78242423422997,11.476631044850084,,,,,,,,,,,
2023-04-14 11:17:19.000,48.78242461453045,11.476632577130609,,,48.782413,11.476565,310.5,48.782424,11.476565,316.5,48.782405,11.476626,310.5
2023-04-14 11:17:19.100,48.782425022602254,11.476634059751186,,,,,,,,,,,
2023-04-14 11:17:19.200,48.78242539406532,11.476635498039816,48.7823979,11.4766429,,,,,,,,,
2023-04-14 11:17:19.300,48.78242587044284,11.476637046362256,,,,,,,,,,,
2023-04-14 11:17:19.400,48.78242634543665,11.476638505021604,,,,,,,,,,,
2023-04-14 11:17:19.500,48.782426873999,11.47663996203918,,,,,,,,,,,
2023-04-14 11:17:19.600,48.782427393070265,11.476641422603103,,,,,,,,,,,
2023-04-14 11:17:19.700,48.78242793142199,11.476642880002505,,,,,,,,,,,
2023-04-14 11:17:19.800,48.78242856202865,11.476644259145022,,,,,,,,,,,
2023-04-14 11:17:19.900,48.782429169970925,11.476645632249763,,,,,,,,,,,
2023-04-14 11:17:20.000,48.78242986369163,11.476646978580211,,,48.782413,11.476577,399.0,48.782421,11.476573,306.0,48.782409,11.476642,399.0
2023-04-14 11:17:20.100,48.78243055868702,11.476648280827654,,,,,,,,,,,
2023-04-14 11:17:20.200,48.78243130353027,11.476649608052645,48.7824043,11.4766578,,,,,,,,,
2023-04-14 11:17:20.300,48.782432142788814,11.476650814850805,,,,,,,,,,,
2023-04-14 11:17:20.400,48.78243289301731,11.476652051956476,,,,,,,,,,,
2023-04-14 11:17:20.500,48.78243367668616,11.476653234092774,,,,,,,,,,,
2023-04-14 11:17:20.600,48.7824345865192,11.476654331282912,,,,,,,,,,,
2023-04-14 11:17:20.700,48.782435465384665,11.476655393640378,,,,,,,,,,,
2023-04-14 11:17:20.800,48.78243639057335,11.476656410414057,48.7824092,11.4766663,,,,,,,,,
2023-04-14 11:17:20.900,48.782437331998295,11.476657395634,,,,,,,,,,,
2023-04-14 11:17:21.000,48.78243836637901,11.47665816796541,,,48.782421,11.476593,528.0,48.782417,11.476583,277.5,48.782421,11.476655,528.0
2023-04-14 11:17:21.000,48.78243836637901,11.47665816796541,,,48.782421,11.476593,528.0,48.782417,11.476583,277.5,48.782417,11.476583,528.0
2023-04-14 11:17:21.100,48.78243932249748,11.476659211606831,,,,,,,,,,,
2023-04-14 11:17:21.200,48.78244027587056,11.476659883899508,,,,,,,,,,,
2023-04-14 11:17:21.300,48.78244127069147,11.476660792913195,48.7824125,11.4766725,,,,,,,,,
2023-04-14 11:17:21.400,48.782442302524124,11.47666153861818,,,,,,,,,,,
2023-04-14 11:17:21.500,48.782443292027786,11.47666227569384,,,,,,,,,,,
2023-04-14 11:17:21.600,48.78244430908866,11.476663078839444,,,,,,,,,,,
2023-04-14 11:17:21.700,48.78244527620574,11.476663826294724,,,,,,,,,,,
2023-04-14 11:17:21.800,48.78244628258892,11.476664637637963,48.7824173,11.4766796,,,,,,,,,
2023-04-14 11:17:21.900,48.78244732007879,11.476665443246906,,,,,,,,,,,
2023-04-14 11:17:22.000,48.782448356895735,11.47666623149609,,,48.782424,11.476602,1179.0,48.782413,11.476595,414.0,48.782432,11.476665,1179.0
2023-04-14 11:17:22.100,48.78244936897203,11.476667046117685,,,,,,,,,,,
2023-04-14 11:17:22.200,48.78245044537267,11.476667830834158,,,,,,,,,,,
2023-04-14 11:17:22.300,48.782451465861726,11.476668675222424,,,,,,,,,,,
2023-04-14 11:17:22.400,48.78245245199841,11.476669491324442,48.7824214,11.4766844,,,,,,,,,
2023-04-14 11:17:22.500,48.78245346866497,11.476670321653344,,,,,,,,,,,
2023-04-14 11:17:22.600,48.78245448043859,11.476671161428088,,,,,,,,,,,
2023-04-14 11:17:22.700,48.7824554578601,11.476672012115484,,,,,,,,,,,
2023-04-14 11:17:22.800,48.7824565120785,11.476672792350554,,,,,,,,,,,
2023-04-14 11:17:22.900,48.78245754546976,11.476673654944474,48.7824277,11.4766884,,,,,,,,,
2023-04-14 11:17:23.000,48.782458574458936,11.476674485198462,,,48.782432,11.476608,919.1,48.782413,11.476606,310.5,48.78244,11.476673,919.1
2023-04-14 11:17:23.100,48.78245964246007,11.47667526315072,,,,,,,,,,,
2023-04-14 11:17:23.200,48.78246065711983,11.476676031329848,,,,,,,,,,,
2023-04-14 11:17:23.300,48.782461706210846,11.476676804154296,,,,,,,,,,,
2023-04-14 11:17:23.400,48.78246278100948,11.476677563861136,48.7824337,11.4766914,,,,,,,,,
2023-04-14 11:17:23.500,48.78246387171293,11.476678317271,,,,,,,,,,,
2023-04-14 11:17:23.600,48.78246495449952,11.476679087429387,,,,,,,,,,,
2023-04-14 11:17:23.700,48.78246608827892,11.476679818806366,,,,,,,,,,,
2023-04-14 11:17:23.800,48.78246714724675,11.476680563121215,,,,,,,,,,,
2023-04-14 11:17:23.900,48.78246827909579,11.476681306045029,,,,,,,,,,,
2023-04-14 11:17:24.000,48.782469449132826,11.476682007207208,48.7824431,11.4766951,48.78244,11.476613,1481.6,48.782417,11.476615,399.0,48.782451,11.476679,1481.6
2023-04-14 11:17:24.100,48.78247061820385,11.476682719393509,,,,,,,,,,,
2023-04-14 11:17:24.200,48.78247173467456,11.47668344169957,,,,,,,,,,,
2023-04-14 11:17:24.300,48.782472881113605,11.476684194049772,,,,,,,,,,,
2023-04-14 11:17:24.400,48.78247399943071,11.476684980029573,,,,,,,,,,,
2023-04-14 11:17:24.500,48.7824750964856,11.476685797439586,48.7824492,11.476696,,,,,,,,,
2023-04-14 11:17:24.600,48.78247618286774,11.476686606015631,,,,,,,,,,,
2023-04-14 11:17:24.700,48.782477260779125,11.476687514629727,,,,,,,,,,,
2023-04-14 11:17:24.800,48.782478327831846,11.476688360596045,,,,,,,,,,,
2023-04-14 11:17:24.900,48.78247939701949,11.47668925900171,,,,,,,,,,,
2023-04-14 11:17:25.000,48.78248045136904,11.476690206547024,48.7824565,11.4766967,48.782451,11.476622,29.6,48.782421,11.47662,528.0,48.782463,11.476688,29.6
2023-04-14 11:17:25.100,48.78248149985558,11.476691095883783,,,,,,,,,,,
2023-04-14 11:17:25.200,48.78248251661024,11.476692004019752,,,,,,,,,,,
2023-04-14 11:17:25.300,48.78248357865208,11.476692961166847,,,,,,,,,,,
2023-04-14 11:17:25.400,48.78248460815017,11.476693909474102,,,,,,,,,,,
2023-04-14 11:17:25.500,48.78248568872654,11.476694870201689,,,,,,,,,,,
2023-04-14 11:17:25.600,48.78248672247211,11.476695812121116,48.7824639,11.4766974,,,,,,,,,
2023-04-14 11:17:25.700,48.78248779210437,11.476696709440583,,,,,,,,,,,
2023-04-14 11:17:25.800,48.782488842937575,11.47669766836219,,,,,,,,,,,
2023-04-14 11:17:25.900,48.78248986368499,11.47669861212496,,,,,,,,,,,
2023-04-14 11:17:26.000,48.78249094379702,11.476699610474794,,,48.782459,11.476632,442.1,48.782428,11.476622,1179.0,48.782474,11.476696,442.1
2023-04-14 11:17:26.100,48.782492032650175,11.476700592452149,48.7824713,11.4766976,,,,,,,,,
2023-04-14 11:17:26.200,48.782493114044975,11.476701511231358,,,,,,,,,,,
2023-04-14 11:17:26.300,48.78249421945096,11.476702499780504,,,,,,,,,,,
2023-04-14 11:17:26.400,48.78249529018914,11.476703532680578,,,,,,,,,,,
2023-04-14 11:17:26.500,48.78249639354098,11.476704534910498,,,,,,,,,,,
2023-04-14 11:17:26.600,48.78249747064496,11.476705454540388,48.782475,11.4766973,,,,,,,,,
2023-04-14 11:17:26.700,48.782498575306136,11.476706505278417,,,,,,,,,,,
2023-04-14 11:17:26.800,48.78249964449077,11.476707506783942,,,,,,,,,,,
2023-04-14 11:17:26.900,48.78250074157564,11.476708498294157,,,,,,,,,,,
2023-04-14 11:17:27.000,48.7825018652518,11.476709403140758,,,48.78247,11.476642,1464.0,48.782432,11.476625,919.1,48.782482,11.476705,1464.0
2023-04-14 11:17:27.100,48.78250292650334,11.47671045825235,,,,,,,,,,,
2023-04-14 11:17:27.200,48.78250406199164,11.47671144473495,48.7824851,11.4766979,,,,,,,,,
2023-04-14 11:17:27.300,48.78250515780702,11.476712447777087,,,,,,,,,,,
2023-04-14 11:17:27.400,48.782506287462695,11.476713422706316,,,,,,,,,,,
2023-04-14 11:17:27.500,48.7825074248164,11.476714462505822,,,,,,,,,,,
2023-04-14 11:17:27.600,48.78250853380529,11.476715368157343,,,,,,,,,,,
2023-04-14 11:17:27.700,48.78250966707424,11.476716342699104,48.7824885,11.4766982,,,,,,,,,
2023-04-14 11:17:27.800,48.7825107952785,11.476717300695022,,,,,,,,,,,
2023-04-14 11:17:27.900,48.78251194795111,11.476718178961892,,,,,,,,,,,
2023-04-14 11:17:28.000,48.78251308830457,11.476719077566338,,,48.782478,11.476651,1093.5,48.78244,11.476626,1481.6,48.782493,11.476716,1093.5
2023-04-14 11:17:28.100,48.78251426054379,11.476719967492098,,,,,,,,,,,
2023-04-14 11:17:28.200,48.7825154140274,11.476720801170371,,,,,,,,,,,
2023-04-14 11:17:28.300,48.78251647911527,11.476721653133136,48.7824948,11.4766993,,,,,,,,,
2023-04-14 11:17:28.400,48.782517658248416,11.476722534322834,,,,,,,,,,,
2023-04-14 11:17:28.500,48.78251885767619,11.476723384565378,,,,,,,,,,,
2023-04-14 11:17:28.600,48.7825200772753,11.476724226307118,,,,,,,,,,,
2023-04-14 11:17:28.700,48.78252131973608,11.476725085337952,,,,,,,,,,,
2023-04-14 11:17:28.800,48.78252242169723,11.476726022964217,48.7825039,11.4767044,,,,,,,,,
2023-04-14 11:17:28.900,48.78252355951228,11.476726803508638,,,,,,,,,,,
2023-04-14 11:17:29.000,48.78252472793235,11.476727674902072,,,48.782489,11.47666,1391.6,48.782444,11.476634,29.6,48.782505,11.476725,1391.6
2023-04-14 11:17:29.100,48.78252595222117,11.476728555017417,,,,,,,,,,,
2023-04-14 11:17:29.200,48.782527168214095,11.476729465534165,,,,,,,,,,,
2023-04-14 11:17:29.300,48.78252835732072,11.47673028886935,48.7825133,11.4767096,,,,,,,,,
2023-04-14 11:17:29.400,48.78252952079923,11.476731084586689,,,,,,,,,,,
2023-04-14 11:17:29.500,48.78253074809809,11.4767319315068,,,,,,,,,,,
2023-04-14 11:17:29.600,48.78253192538839,11.476732743177038,,,,,,,,,,,
2023-04-14 11:17:29.700,48.782533188866665,11.476733505490186,,,,,,,,,,,
2023-04-14 11:17:29.800,48.78253438312218,11.476734357515404,,,,,,,,,,,
2023-04-14 11:17:29.900,48.78253557427931,11.476735205182829,48.7825214,11.4767138,,,,,,,,,
2023-04-14 11:17:30.000,48.78253681167325,11.476735949490134,,,48.782497,11.476668,1063.1,48.782455,11.476639,442.1,48.782516,11.476734,1063.1
2023-04-14 11:17:30.100,48.78253804168428,11.476736867231956,,,,,,,,,,,
2023-04-14 11:17:30.200,48.78253926564204,11.476737683201891,,,,,,,,,,,
2023-04-14 11:17:30.300,48.78254048792629,11.476738515479514,,,,,,,,,,,
2023-04-14 11:17:30.400,48.78254165613173,11.476739404630791,48.7825257,11.4767151,,,,,,,,,
2023-04-14 11:17:30.500,48.78254285768188,11.476740299551594,,,,,,,,,,,
2023-04-14 11:17:30.600,48.782544021639566,11.476741206548066,,,,,,,,,,,
2023-04-14 11:17:30.700,48.78254518740798,11.476742065404355,,,,,,,,,,,
2023-04-14 11:17:30.800,48.7825463427303,11.476743062945296,,,,,,,,,,,
2023-04-14 11:17:30.900,48.78254747936359,11.476743965387122,48.7825315,11.4767167,,,,,,,,,
2023-04-14 11:17:31.000,48.78254861612792,11.476744916582682,,,48.782505,11.476676,1277.6,48.782466,11.476644,1464.0,48.782527,11.476742,1277.6
2023-04-14 11:17:31.100,48.782549759518986,11.476745926678756,,,,,,,,,,,
2023-04-14 11:17:31.200,48.78255085030504,11.47674696069422,,,,,,,,,,,
2023-04-14 11:17:31.300,48.7825519799427,11.476748003115574,,,,,,,,,,,
2023-04-14 11:17:31.400,48.78255310562464,11.476748984049411,,,,,,,,,,,
2023-04-14 11:17:31.500,48.78255421042481,11.476749986799252,48.7825397,11.4767186,,,,,,,,,
2023-04-14 11:17:31.600,48.78255526504585,11.476751039262885,,,,,,,,,,,
2023-04-14 11:17:31.700,48.78255636410517,11.476752024892424,,,,,,,,,,,
2023-04-14 11:17:31.800,48.78255739580561,11.47675312444999,,,,,,,,,,,
2023-04-14 11:17:31.900,48.7825584898401,11.476754151791674,,,,,,,,,,,
2023-04-14 11:17:32.000,48.78255951494544,11.476755227423894,48.7825475,11.4767211,48.782516,11.476687,1007.6,48.782474,11.476653,1093.5,48.782539,11.476753,1007.6
2023-04-14 11:17:32.100,48.782560558782535,11.476756337716123,,,,,,,,,,,
2023-04-14 11:17:32.200,48.782561565820814,11.476757449875448,,,,,,,,,,,
2023-04-14 11:17:32.300,48.78256265418393,11.47675850838125,,,,,,,,,,,
2023-04-14 11:17:32.400,48.78256364459164,11.476759625463838,,,,,,,,,,,
2023-04-14 11:17:32.500,48.78256461108406,11.476760783940838,48.7825524,11.4767225,,,,,,,,,
2023-04-14 11:17:32.600,48.78256555254109,11.476761898728377,,,,,,,,,,,
2023-04-14 11:17:32.700,48.78256642585101,11.476762958100409,,,,,,,,,,,
2023-04-14 11:17:32.800,48.7825672658726,11.476764086872723,,,,,,,,,,,
2023-04-14 11:17:32.900,48.78256814872356,11.47676522205368,,,,,,,,,,,
2023-04-14 11:17:33.000,48.78256894072522,11.476766364075653,,,48.782524,11.476695,965.6,48.782485,11.476656,1391.6,48.782546,11.476765,965.6
2023-04-14 11:17:33.100,48.78256972830547,11.476767486470694,48.7825611,11.476726,,,,,,,,,
2023-04-14 11:17:33.200,48.78257051461544,11.476768523993288,,,,,,,,,,,
2023-04-14 11:17:33.300,48.78257111714015,11.476769776183527,,,,,,,,,,,
2023-04-14 11:17:33.400,48.78257178398007,11.476770779098688,,,,,,,,,,,
2023-04-14 11:17:33.500,48.78257251314765,11.476771874831808,,,,,,,,,,,
2023-04-14 11:17:33.600,48.78257302222544,11.476773105773647,48.7825647,11.4767283,,,,,,,,,
2023-04-14 11:17:33.700,48.78257347218168,11.47677415816643,,,,,,,,,,,
2023-04-14 11:17:33.800,48.78257414178881,11.476775353403198,,,,,,,,,,,
2023-04-14 11:17:33.900,48.78257470267504,11.476776391531068,,,,,,,,,,,
2023-04-14 11:17:34.000,48.78257525283306,11.476777531451598,,,48.782531,11.476704,1117.1,48.782493,11.476665,1063.1,48.782554,11.476778,1117.1
2023-04-14 11:17:34.100,48.78257576204853,11.476778535330553,,,,,,,,,,,
2023-04-14 11:17:34.200,48.7825763196344,11.4767795585362,,,,,,,,,,,
2023-04-14 11:17:34.300,48.782576801137004,11.47678066903452,,,,,,,,,,,
2023-04-14 11:17:34.400,48.78257736386234,11.476781699923391,,,,,,,,,,,
2023-04-14 11:17:34.500,48.78257795907735,11.476782719915212,,,,,,,,,,,
2023-04-14 11:17:34.600,48.78257846870028,11.476783786384935,,,,,,,,,,,
2023-04-14 11:17:34.700,48.78257900036189,11.47678482599611,48.782578,11.4767359,,,,,,,,,
2023-04-14 11:17:34.800,48.7825796171544,11.476785846817208,,,,,,,,,,,
2023-04-14 11:17:34.900,48.78258022077061,11.476786979648043,,,,,,,,,,,
2023-04-14 11:17:35.000,48.78258081449757,11.476788054081297,,,48.782535,11.476708,1054.1,48.782505,11.476679,1277.6,48.782558,11.476791,1054.1
2023-04-14 11:17:35.100,48.78258149843491,11.476789125237651,,,,,,,,,,,
2023-04-14 11:17:35.200,48.78258217537615,11.476790081436803,48.7825879,11.4767466,,,,,,,,,
2023-04-14 11:17:35.300,48.782582924978506,11.476791148429374,,,,,,,,,,,
2023-04-14 11:17:35.400,48.78258362265043,11.476792310452035,,,,,,,,,,,
2023-04-14 11:17:35.500,48.78258434802261,11.4767933013076,,,,,,,,,,,
2023-04-14 11:17:35.600,48.78258521233383,11.476794339682916,,,,,,,,,,,
2023-04-14 11:17:35.700,48.78258608680241,11.47679536696856,48.7825908,11.4767542,,,,,,,,,
2023-04-14 11:17:35.800,48.78258690335457,11.476796381756731,,,,,,,,,,,
2023-04-14 11:17:35.900,48.782587758699954,11.476797310851444,,,,,,,,,,,
2023-04-14 11:17:36.000,48.782588663620295,11.476798247285556,,,48.782539,11.476712,827.6,48.782516,11.476695,1007.6,48.782566,11.476799,827.6
2023-04-14 11:17:36.100,48.78258967845327,11.476799088454907,,,,,,,,,,,
2023-04-14 11:17:36.200,48.78259067979143,11.476799912057652,,,,,,,,,,,
2023-04-14 11:17:36.300,48.782591746048816,11.47680067885982,48.7825957,11.4767617,,,,,,,,,
2023-04-14 11:17:36.400,48.78259283329389,11.476801321188164,,,,,,,,,,,
2023-04-14 11:17:36.500,48.78259394644179,11.476801966579623,,,,,,,,,,,
2023-04-14 11:17:36.600,48.78259505683933,11.47680255328747,,,,,,,,,,,
2023-04-14 11:17:36.700,48.78259620091343,11.476803206303446,,,,,,,,,,,
2023-04-14 11:17:36.800,48.78259739847075,11.476803815508166,48.7826001,11.4767704,,,,,,,,,
2023-04-14 11:17:36.900,48.78259855365168,11.47680431529724,,,,,,,,,,,
2023-04-14 11:17:37.000,48.78259978389528,11.476804840761233,,,48.78255,11.476716,1447.5,48.782527,11.476705,965.6,48.782577,11.476808,1447.5
2023-04-14 11:17:37.100,48.78260095955539,11.47680530917616,,,,,,,,,,,
2023-04-14 11:17:37.200,48.78260208358408,11.476805849189684,,,,,,,,,,,
2023-04-14 11:17:37.300,48.78260327672257,11.476806420681822,,,,,,,,,,,
2023-04-14 11:17:37.400,48.78260444422247,11.476806966287164,,,,,,,,,,,
2023-04-14 11:17:37.500,48.78260555879747,11.476807563077728,48.7825944,11.4767806,,,,,,,,,
2023-04-14 11:17:37.600,48.782606656654906,11.476808184584256,,,,,,,,,,,
2023-04-14 11:17:37.700,48.78260774450236,11.476808881388534,,,,,,,,,,,
2023-04-14 11:17:37.800,48.78260882096118,11.476809502994012,,,,,,,,,,,
2023-04-14 11:17:37.900,48.78260987064114,11.476810339549846,,,,,,,,,,,
2023-04-14 11:17:38.000,48.782610968602405,11.476811112906551,,,48.782558,11.476727,1.5,48.782535,11.476712,1117.1,48.782588,11.476819,1.5
2023-04-14 11:17:38.100,48.78261200021042,11.476811809734466,,,,,,,,,,,
2023-04-14 11:17:38.200,48.78261307417485,11.476812616098195,,,,,,,,,,,
2023-04-14 11:17:38.300,48.782614120016994,11.47681331966109,48.7825951,11.4767878,,,,,,,,,
2023-04-14 11:17:38.400,48.78261520722948,11.47681429555294,,,,,,,,,,,
2023-04-14 11:17:38.500,48.78261628816842,11.476815041487049,,,,,,,,,,,
2023-04-14 11:17:38.600,48.782617311496544,11.476815855609471,48.7825957,11.47679,,,,,,,,,
2023-04-14 11:17:38.700,48.782618361076594,11.476816605118367,,,,,,,,,,,
2023-04-14 11:17:38.800,48.7826193911533,11.47681731102148,,,,,,,,,,,
2023-04-14 11:17:38.900,48.78262041251935,11.476818079175846,,,,,,,,,,,
2023-04-14 11:17:39.000,48.7826215063966,11.476818959484495,,,48.782569,11.476733,1605.0,48.782554,11.476716,1054.1,48.7826,11.476825,1605.0
2023-04-14 11:17:39.100,48.78262260968699,11.476819785558128,,,,,,,,,,,
2023-04-14 11:17:39.200,48.78262370589807,11.476820578905173,,,,,,,,,,,
2023-04-14 11:17:39.300,48.78262476197933,11.476821335174415,,,,,,,,,,,
2023-04-14 11:17:39.400,48.78262579127262,11.476822062298764,,,,,,,,,,,
2023-04-14 11:17:39.500,48.78262686483221,11.476822799181011,,,,,,,,,,,
2023-04-14 11:17:39.600,48.782627958664726,11.476823551380535,48.782602,11.4767952,,,,,,,,,
2023-04-14 11:17:39.700,48.78262897236272,11.476824291348372,,,,,,,,,,,
2023-04-14 11:17:39.800,48.78263007848352,11.476825002646926,,,,,,,,,,,
2023-04-14 11:17:39.900,48.78263121295972,11.476825733960494,,,,,,,,,,,
2023-04-14 11:17:40.000,48.78263218148645,11.476826468991822,,,48.782577,11.476737,1239.0,48.782562,11.476724,827.6,48.782608,11.476834,1239.0
2023-04-14 11:17:40.100,48.7826333027923,11.476827276472497,,,,,,,,,,,
2023-04-14 11:17:40.200,48.78263433525747,11.476827888858686,,,,,,,,,,,
2023-04-14 11:17:40.300,48.78263552181451,11.476828654546969,,,,,,,,,,,
2023-04-14 11:17:40.400,48.78263662540968,11.476829376575951,,,,,,,,,,,
2023-04-14 11:17:40.500,48.78263771502967,11.476830111208,48.7826126,11.4767985,,,,,,,,,
2023-04-14 11:17:40.600,48.782638823616914,11.4768308574434,,,,,,,,,,,
2023-04-14 11:17:40.700,48.78263986128157,11.47683160706835,,,,,,,,,,,
2023-04-14 11:17:40.800,48.78264094711047,11.476832315831498,,,,,,,,,,,
2023-04-14 11:17:40.900,48.78264201081033,11.476833083321532,,,,,,,,,,,
2023-04-14 11:17:41.000,48.78264311127487,11.476833878205786,,,48.782588,11.476741,857.6,48.782569,11.476727,1447.5,48.782619,11.47684,857.6
2023-04-14 11:17:41.100,48.78264420031966,11.476834657469777,,,,,,,,,,,
2023-04-14 11:17:41.200,48.78264526961085,11.476835480787518,,,,,,,,,,,
2023-04-14 11:17:41.300,48.782646449853,11.476836245384694,,,,,,,,,,,
2023-04-14 11:17:41.400,48.78264753709371,11.47683707308087,,,,,,,,,,,
2023-04-14 11:17:41.500,48.78264856524994,11.476837900465918,,,,,,,,,,,
2023-04-14 11:17:41.600,48.78264964381511,11.476838737553576,48.7826238,11.4768047,,,,,,,,,
2023-04-14 11:17:41.700,48.78265077221584,11.476839582321649,,,,,,,,,,,
2023-04-14 11:17:41.800,48.78265190727633,11.476840408182952,,,,,,,,,,,
2023-04-14 11:17:41.900,48.78265294274164,11.47684132843598,,,,,,,,,,,
2023-04-14 11:17:42.000,48.78265401102373,11.47684214466506,,,48.782596,11.476749,989.6,48.782573,11.476737,1.5,48.78263,11.476848,989.6
2023-04-14 11:17:42.100,48.78265513732775,11.476843008916562,,,,,,,,,,,
2023-04-14 11:17:42.200,48.78265624525415,11.476843811690792,,,,,,,,,,,
2023-04-14 11:17:42.300,48.7826574074039,11.476844596743549,,,,,,,,,,,
2023-04-14 11:17:42.400,48.78265849087183,11.476845440257234,,,,,,,,,,,
2023-04-14 11:17:42.500,48.782659579411,11.476846310012672,48.782632,11.4768111,,,,,,,,,
2023-04-14 11:17:42.600,48.78266074115704,11.476847051472904,,,,,,,,,,,
2023-04-14 11:17:42.700,48.78266180927781,11.47684794960048,,,,,,,,,,,
2023-04-14 11:17:42.800,48.7826629279932,11.47684862732458,,,,,,,,,,,
2023-04-14 11:17:42.900,48.7826641466996,11.476849417094511,,,,,,,,,,,
2023-04-14 11:17:43.000,48.78266524128434,11.476850131740726,,,48.782608,11.476754,1003.1,48.782577,11.476748,1605.0,48.782642,11.476857,1003.1
2023-04-14 11:17:43.100,48.7826663264672,11.476850868122725,,,,,,,,,,,
2023-04-14 11:17:43.200,48.78266751963656,11.476851491933184,,,,,,,,,,,
2023-04-14 11:17:43.300,48.782668623843406,11.476852180895628,,,,,,,,,,,
2023-04-14 11:17:43.400,48.78266981045154,11.476852834741308,48.7826382,11.4768155,,,,,,,,,
2023-04-14 11:17:43.500,48.78267088682381,11.476853520753632,,,,,,,,,,,
2023-04-14 11:17:43.600,48.78267211668837,11.476854180941594,48.782642,11.4768175,,,,,,,,,
2023-04-14 11:17:43.700,48.78267315370204,11.476854792744197,,,,,,,,,,,
2023-04-14 11:17:43.800,48.7826742530657,11.476855542098006,,,,,,,,,,,
2023-04-14 11:17:43.900,48.78267528045729,11.47685625392815,,,,,,,,,,,
2023-04-14 11:17:44.000,48.78267639452137,11.476857070475008,,,48.782619,11.476758,1056.7,48.782585,11.476754,1239.0,48.782653,11.476863,1056.7
2023-04-14 11:17:44.100,48.78267749615151,11.476857744772222,,,,,,,,,,,
2023-04-14 11:17:44.200,48.782678534075146,11.476858537204874,,,,,,,,,,,
2023-04-14 11:17:44.300,48.78267959456538,11.47685937062264,,,,,,,,,,,
2023-04-14 11:17:44.400,48.78268067779107,11.476860217789673,,,,,,,,,,,
2023-04-14 11:17:44.500,48.782681751536096,11.476860926587683,48.7826531,11.4768242,,,,,,,,,
2023-04-14 11:17:44.600,48.782682825617975,11.476861805994584,,,,,,,,,,,
2023-04-14 11:17:44.700,48.782683862903326,11.476862683837467,,,,,,,,,,,
2023-04-14 11:17:44.800,48.78268494659192,11.47686350419766,,,,,,,,,,,
2023-04-14 11:17:44.900,48.78268589847372,11.476864463851165,,,,,,,,,,,
2023-04-14 11:17:45.000,48.78268691718718,11.47686537388522,,,48.782627,11.476761,539.6,48.782596,11.476764,857.6,48.782661,11.47687,539.6
2023-04-14 11:17:45.100,48.78268798938948,11.476866298438695,,,,,,,,,,,
2023-04-14 11:17:45.200,48.782688980933735,11.476867309897676,,,,,,,,,,,
2023-04-14 11:17:45.300,48.78268999750205,11.476868242142684,,,,,,,,,,,
2023-04-14 11:17:45.400,48.78269098650035,11.476869176637509,,,,,,,,,,,
2023-04-14 11:17:45.500,48.78269199174533,11.47687017678486,,,,,,,,,,,
2023-04-14 11:17:45.600,48.78269295509725,11.476871133887029,48.7826638,11.476831,,,,,,,,,
2023-04-14 11:17:45.700,48.7826939400908,11.47687217362395,,,,,,,,,,,
2023-04-14 11:17:45.800,48.782694889027,11.476873226002786,,,,,,,,,,,
2023-04-14 11:17:45.900,48.78269579110707,11.476874284159944,,,,,,,,,,,
2023-04-14 11:17:46.000,48.78269667949346,11.47687531917205,,,48.782634,11.476769,1204.5,48.782604,11.476777,989.6,48.782672,11.476879,1204.5
2023-04-14 11:17:46.100,48.78269764545999,11.476876392794257,,,,,,,,,,,
2023-04-14 11:17:46.200,48.78269865968465,11.47687744696686,,,,,,,,,,,
2023-04-14 11:17:46.300,48.78269962681097,11.476878345420864,,,,,,,,,,,
2023-04-14 11:17:46.400,48.78270065524954,11.47687931905419,,,,,,,,,,,
2023-04-14 11:17:46.500,48.7827015987058,11.476880361296788,,,,,,,,,,,
2023-04-14 11:17:46.600,48.78270260773474,11.476881343737215,48.7826744,11.4768363,,,,,,,,,
2023-04-14 11:17:46.700,48.78270366616261,11.476882310081333,,,,,,,,,,,
2023-04-14 11:17:46.800,48.78270463303965,11.476883259813464,,,,,,,,,,,
2023-04-14 11:17:46.900,48.78270559831742,11.476884198889104,,,,,,,,,,,
2023-04-14 11:17:47.000,48.78270665732416,11.476885227251676,,,48.782646,11.476776,824.6,48.782615,11.47679,1003.1,48.78268,11.47689,824.6
2023-04-14 11:17:47.100,48.78270773346316,11.476886158072585,,,,,,,,,,,
2023-04-14 11:17:47.200,48.78270877583815,11.476887132197314,,,,,,,,,,,
2023-04-14 11:17:47.300,48.78270978753667,11.476888047721513,,,,,,,,,,,
2023-04-14 11:17:47.400,48.78271086762279,11.47688885029769,,,,,,,,,,,
2023-04-14 11:17:47.500,48.78271195503219,11.476889679843357,,,,,,,,,,,
2023-04-14 11:17:47.600,48.78271300686995,11.476890565284627,48.782685,11.4768444,,,,,,,,,
2023-04-14 11:17:47.700,48.78271399857711,11.476891423564089,,,,,,,,,,,
2023-04-14 11:17:47.800,48.78271512939345,11.476892142207287,,,,,,,,,,,
2023-04-14 11:17:47.900,48.78271625885506,11.47689283598145,,,,,,,,,,,
2023-04-14 11:17:48.000,48.78271734183008,11.476893564276471,,,48.782657,11.476781,1113.7,48.782623,11.476801,1056.7,48.782691,11.476899,1113.7
2023-04-14 11:17:48.100,48.78271847540302,11.476894313970195,,,,,,,,,,,
2023-04-14 11:17:48.200,48.78271953457426,11.476895025983028,,,,,,,,,,,
2023-04-14 11:17:48.300,48.78272059822286,11.476895677997229,,,,,,,,,,,
2023-04-14 11:17:48.400,48.78272173119549,11.476896366640004,48.7826926,11.4768515,,,,,,,,,
2023-04-14 11:17:48.500,48.78272273317501,11.476897006127276,48.7826966,11.4768576,,,,,,,,,
2023-04-14 11:17:48.600,48.78272397161349,11.476897640791872,,,,,,,,,,,
2023-04-14 11:17:48.700,48.78272508978869,11.476898195512112,,,,,,,,,,,
2023-04-14 11:17:48.800,48.78272615062351,11.476898834761094,,,,,,,,,,,
2023-04-14 11:17:48.900,48.78272712760244,11.47689938833585,,,,,,,,,,,
2023-04-14 11:17:49.000,48.7827282245116,11.47689998194476,,,48.782661,11.476785,1500.7,48.782634,11.476814,539.6,48.782703,11.476906,1500.7
2023-04-14 11:17:49.100,48.78272934287364,11.476900548428208,,,,,,,,,,,
2023-04-14 11:17:49.200,48.78273038746616,11.47690113039484,,,,,,,,,,,
2023-04-14 11:17:49.300,48.78273156150812,11.476901662075743,,,,,,,,,,,
2023-04-14 11:17:49.400,48.78273266396017,11.476902050137037,,,,,,,,,,,
2023-04-14 11:17:49.500,48.782733798588765,11.4769024989915,,,,,,,,,,,
2023-04-14 11:17:49.600,48.78273501746327,11.476902886325478,48.7827084,11.4768714,,,,,,,,,
2023-04-14 11:17:49.700,48.78273608663294,11.47690329032881,,,,,,,,,,,
2023-04-14 11:17:49.800,48.782737185008926,11.476903713965708,,,,,,,,,,,
2023-04-14 11:17:49.900,48.78273826652992,11.476904066496646,,,,,,,,,,,
2023-04-14 11:17:50.000,48.78273926983731,11.47690444980339,,,48.782672,11.476788,1438.1,48.782642,11.476819,1204.5,48.782714,11.476912,1438.1
2023-04-14 11:17:50.100,48.78274047616991,11.47690477645761,,,,,,,,,,,
2023-04-14 11:17:50.200,48.78274144431776,11.476905160100664,,,,,,,,,,,
2023-04-14 11:17:50.300,48.78274273038793,11.476905301478125,,,,,,,,,,,
2023-04-14 11:17:50.400,48.78274385843989,11.476905581004,,,,,,,,,,,
2023-04-14 11:17:50.500,48.782744834511554,11.476905883289383,,,,,,,,,,,
2023-04-14 11:17:50.600,48.782745945602,11.47690609460186,48.7827191,11.4768822,,,,,,,,,
2023-04-14 11:17:50.700,48.78274729745846,11.47690599892502,,,,,,,,,,,
2023-04-14 11:17:50.800,48.78274819966249,11.476906114599975,,,,,,,,,,,
2023-04-14 11:17:50.900,48.78274921058102,11.476906170402964,,,,,,,,,,,
2023-04-14 11:17:51.000,48.78275028513699,11.476906130921927,,,48.782684,11.476793,1462.1,48.782649,11.476831,824.6,48.782726,11.476916,1462.1
2023-04-14 11:17:51.100,48.78275134325783,11.476906047554236,,,,,,,,,,,
2023-04-14 11:17:51.200,48.7827524615242,11.476905940170823,,,,,,,,,,,
2023-04-14 11:17:51.300,48.782753484831446,11.476905761474152,,,,,,,,,,,
2023-04-14 11:17:51.400,48.78275449662886,11.476905779434606,,,,,,,,,,,
2023-04-14 11:17:51.500,48.78275549368445,11.476905627073224,,,,,,,,,,,
2023-04-14 11:17:51.600,48.7827564848138,11.476905277613517,48.7827284,11.4768896,,,,,,,,,
2023-04-14 11:17:51.700,48.78275756387672,11.4769050578771,,,,,,,,,,,
2023-04-14 11:17:51.800,48.78275851800404,11.476904850587784,,,,,,,,,,,
2023-04-14 11:17:51.900,48.78275952933353,11.476904467612542,,,,,,,,,,,
2023-04-14 11:17:52.000,48.7827604836179,11.476903932920134,,,48.782695,11.476799,1371.0,48.782661,11.476841,1113.7,48.782741,11.476914,1371.0
2023-04-14 11:17:52.100,48.782761333158426,11.476903611357487,,,,,,,,,,,
2023-04-14 11:17:52.200,48.78276234438162,11.476903224152162,,,,,,,,,,,
2023-04-14 11:17:52.300,48.78276318889871,11.476902879784546,,,,,,,,,,,
2023-04-14 11:17:52.400,48.782764134902806,11.476902507921151,,,,,,,,,,,
2023-04-14 11:17:52.500,48.78276493415015,11.476902067186614,48.7827374,11.4768938,,,,,,,,,
2023-04-14 11:17:52.600,48.7827657233363,11.476901728593983,,,,,,,,,,,
2023-04-14 11:17:52.700,48.78276649556264,11.476901174178964,,,,,,,,,,,
2023-04-14 11:17:52.800,48.78276729521619,11.476900658192156,,,,,,,,,,,
2023-04-14 11:17:52.900,48.7827679504637,11.476900261752675,,,,,,,,,,,
2023-04-14 11:17:53.000,48.78276866307734,11.47689971672127,,,48.782703,11.476807,1189.5,48.782672,11.476847,1500.7,48.782749,11.476909,1189.5
2023-04-14 11:17:53.100,48.78276932679088,11.476899164852956,,,,,,,,,,,
2023-04-14 11:17:53.200,48.78276998416129,11.47689868787883,,,,,,,,,,,
2023-04-14 11:17:53.300,48.78277060371205,11.476898300766294,,,,,,,,,,,
2023-04-14 11:17:53.400,48.78277132709408,11.476897647912027,48.7827445,11.4768956,,,,,,,,,
2023-04-14 11:17:53.500,48.78277199273588,11.476896963825531,,,,,,,,,,,
2023-04-14 11:17:53.600,48.782772495592425,11.476896619729372,48.7827471,11.4768958,,,,,,,,,
2023-04-14 11:17:53.700,48.78277284986602,11.47689616639876,,,,,,,,,,,
2023-04-14 11:17:53.800,48.78277358201225,11.476895360843669,,,,,,,,,,,
2023-04-14 11:17:53.900,48.782774151169136,11.476894804594858,,,,,,,,,,,
2023-04-14 11:17:54.000,48.78277445964008,11.47689413126654,,,48.782711,11.476812,618.0,48.782684,11.476858,1438.1,48.78276,11.4769,618.0
2023-04-14 11:17:54.100,48.782774946350216,11.476893522888426,,,,,,,,,,,
2023-04-14 11:17:54.200,48.78277549524993,11.476893008227014,,,,,,,,,,,
2023-04-14 11:17:54.300,48.78277584313472,11.476892438578,,,,,,,,,,,
2023-04-14 11:17:54.400,48.782776432745344,11.476891806221069,,,,,,,,,,,
2023-04-14 11:17:54.500,48.78277681149092,11.476891426281808,48.7827562,11.4768968,,,,,,,,,
2023-04-14 11:17:54.600,48.78277717315246,11.476890575631474,,,,,,,,,,,
2023-04-14 11:17:54.700,48.78277741223685,11.476889996536162,,,,,,,,,,,
2023-04-14 11:17:54.800,48.78277793536895,11.476889530799122,,,,,,,,,,,
2023-04-14 11:17:54.900,48.78277860880228,11.476889060309954,,,,,,,,,,,
2023-04-14 11:17:55.000,48.78277880829256,11.476888333527148,,,48.782718,11.476815,463.5,48.782688,11.476861,1462.1,48.782764,11.476892,463.5
2023-04-14 11:17:55.100,48.782779285688285,11.476887316282005,,,,,,,,,,,
2023-04-14 11:17:55.200,48.782779787046096,11.476886747251053,,,,,,,,,,,
2023-04-14 11:17:55.300,48.78278030730082,11.476885917832476,,,,,,,,,,,
2023-04-14 11:17:55.400,48.782780552877306,11.476884916615196,,,,,,,,,,,
2023-04-14 11:17:55.500,48.78278107863345,11.476884205751714,48.7827672,11.4768981,,,,,,,,,
2023-04-14 11:17:55.600,48.78278159134416,11.476883209875696,,,,,,,,,,,
2023-04-14 11:17:55.700,48.78278183277784,11.47688229919934,,,,,,,,,,,
2023-04-14 11:17:55.800,48.78278242351658,11.47688130922189,,,,,,,,,,,
2023-04-14 11:17:55.900,48.78278288603817,11.476880479338456,,,,,,,,,,,
2023-04-14 11:17:56.000,48.78278327898808,11.476879368102724,,,48.782722,11.476816,382.5,48.782691,11.476866,1371.0,48.782768,11.476883,382.5
2023-04-14 11:17:56.100,48.78278381925147,11.476878478216433,,,,,,,,,,,
2023-04-14 11:17:56.200,48.782784267120284,11.476877307733876,,,,,,,,,,,
2023-04-14 11:17:56.300,48.78278471305911,11.47687627200748,,,,,,,,,,,
2023-04-14 11:17:56.400,48.78278510594403,11.476875206436908,,,,,,,,,,,
2023-04-14 11:17:56.500,48.78278565260065,11.476874072587744,48.7827728,11.4768968,,,,,,,,,
2023-04-14 11:17:56.600,48.78278600906867,11.476873125684795,,,,,,,,,,,
2023-04-14 11:17:56.700,48.78278649204292,11.476871973140248,,,,,,,,,,,
2023-04-14 11:17:56.800,48.78278679250655,11.476870861368305,,,,,,,,,,,
2023-04-14 11:17:56.900,48.78278720186477,11.476869815637178,,,,,,,,,,,
2023-04-14 11:17:57.000,48.78278759007034,11.476868610427966,,,48.78273,11.47682,271.5,48.782695,11.476867,1189.5,48.782772,11.476871,271.5
2023-04-14 11:17:57.100,48.78278797106743,11.47686748838045,,,,,,,,,,,
2023-04-14 11:17:57.200,48.78278821586175,11.476866419593687,,,,,,,,,,,
2023-04-14 11:17:57.300,48.782788643091,11.476865333735596,,,,,,,,,,,
2023-04-14 11:17:57.400,48.78278896022269,11.476864180283249,,,,,,,,,,,
2023-04-14 11:17:57.500,48.78278931976698,11.476863275646595,,,,,,,,,,,
2023-04-14 11:17:57.600,48.78278959492835,11.47686203492586,48.7827756,11.4768953,,,,,,,,,
2023-04-14 11:17:57.700,48.782789893219416,11.476860815257307,,,,,,,,,,,
2023-04-14 11:17:57.800,48.7827901051035,11.476859655959608,,,,,,,,,,,
2023-04-14 11:17:57.900,48.78279047427842,11.476858643983496,,,,,,,,,,,
2023-04-14 11:17:58.000,48.78279072661236,11.476857430270575,,,48.782737,11.476819,400.5,48.782691,11.476864,618.0,48.782775,11.476856,400.5
2023-04-14 11:17:58.100,48.782790994858445,11.476856446856246,,,,,,,,,,,
2023-04-14 11:17:58.200,48.782791192491565,11.476855329400877,,,,,,,,,,,
2023-04-14 11:17:58.300,48.78279158118629,11.476854218930278,,,,,,,,,,,
2023-04-14 11:17:58.400,48.78279190301743,11.476853249911176,48.7827788,11.4768911,,,,,,,,,
2023-04-14 11:17:58.500,48.782792212166136,11.47685216258234,48.7827789,11.4768933,,,,,,,,,
2023-04-14 11:17:58.600,48.78279252297374,11.476851079280742,,,,,,,,,,,
2023-04-14 11:17:58.700,48.78279284579104,11.476850047242024,,,,,,,,,,,
2023-04-14 11:17:58.800,48.78279309086759,11.476848946267006,,,,,,,,,,,
2023-04-14 11:17:58.900,48.78279334922592,11.4768479092828,,,,,,,,,,,
2023-04-14 11:17:59.000,48.78279365219034,11.476846830141245,,,48.782741,11.476818,463.5,48.782707,11.476849,463.5,48.782779,11.476844,463.5
2023-04-14 11:17:59.100,48.78279409500127,11.476845694527066,,,,,,,,,,,
2023-04-14 11:17:59.200,48.782794360366005,11.476844615991451,,,,,,,,,,,
2023-04-14 11:17:59.300,48.78279447001235,11.476843343125994,,,,,,,,,,,
2023-04-14 11:17:59.400,48.78279481221159,11.476842237104671,,,,,,,,,,,
2023-04-14 11:17:59.500,48.78279515549328,11.47684121606533,,,,,,,,,,,
2023-04-14 11:17:59.600,48.782795484529146,11.476840188117954,48.7827808,11.4768909,,,,,,,,,
2023-04-14 11:17:59.700,48.78279578743881,11.47683917961317,,,,,,,,,,,
2023-04-14 11:17:59.800,48.78279600975867,11.476838030102416,,,,,,,,,,,
2023-04-14 11:17:59.900,48.7827963800381,11.47683697407551,,,,,,,,,,,
2023-04-14 11:18:00.000,48.7827966204825,11.476835966064307,,,48.782741,11.47681,703.5,48.782714,11.476839,382.5,48.782783,11.476834,703.5
2023-04-14 11:18:00.100,48.78279699562478,11.476834850574514,,,,,,,,,,,
2023-04-14 11:18:00.200,48.78279738674439,11.476833748563156,,,,,,,,,,,
2023-04-14 11:18:00.300,48.78279752504992,11.47683278000592,,,,,,,,,,,
2023-04-14 11:18:00.400,48.78279796872206,11.476831560708712,,,,,,,,,,,
2023-04-14 11:18:00.500,48.782798143704746,11.47683053729298,,,,,,,,,,,
2023-04-14 11:18:00.600,48.782798516454754,11.476829351840813,48.7827838,11.4768822,,,,,,,,,
2023-04-14 11:18:00.700,48.782798771035885,11.476828367019234,,,,,,,,,,,
2023-04-14 11:18:00.800,48.78279907621742,11.476827310917804,,,,,,,,,,,
2023-04-14 11:18:00.900,48.78279933699708,11.47682622683964,,,,,,,,,,,
2023-04-14 11:18:01.000,48.78279972884622,11.476825198329855,,,48.782749,11.4768,1309.5,48.782726,11.476845,271.5,48.782787,11.476823,1309.5
2023-04-14 11:18:01.100,48.78279991689717,11.476823883012866,,,,,,,,,,,
2023-04-14 11:18:01.200,48.782800113772296,11.476822767290278,,,,,,,,,,,
2023-04-14 11:18:01.300,48.782800646343375,11.47682165018387,,,,,,,,,,,
2023-04-14 11:18:01.400,48.78280098679336,11.476820671085076,,,,,,,,,,,
2023-04-14 11:18:01.500,48.782801315179576,11.47681965045733,,,,,,,,,,,
2023-04-14 11:18:01.600,48.78280155273047,11.476818527614236,48.7827874,11.4768712,,,,,,,,,
2023-04-14 11:18:01.700,48.78280197226309,11.476817477024293,,,,,,,,,,,
2023-04-14 11:18:01.800,48.78280245280981,11.476816350496186,,,,,,,,,,,
2023-04-14 11:18:01.900,48.78280275842168,11.476815172967518,,,,,,,,,,,
2023-04-14 11:18:02.000,48.78280307831185,11.47681409177269,,,48.782752,11.476795,134.2,48.782726,11.476845,400.5,48.782791,11.476815,134.2
2023-04-14 11:18:02.100,48.78280349406245,11.476813091132842,,,,,,,,,,,
2023-04-14 11:18:02.200,48.78280392504135,11.476811961498363,,,,,,,,,,,
2023-04-14 11:18:02.300,48.78280443158933,11.476810797874109,,,,,,,,,,,
2023-04-14 11:18:02.400,48.78280477506557,11.476809751208172,,,,,,,,,,,
2023-04-14 11:18:02.500,48.78280532430399,11.476808661677785,,,,,,,,,,,
2023-04-14 11:18:02.600,48.78280582642032,11.476807597610009,48.7827907,11.476855,,,,,,,,,
2023-04-14 11:18:02.700,48.782806306039376,11.476806520385596,,,,,,,,,,,
2023-04-14 11:18:02.800,48.78280678608952,11.47680551093528,,,,,,,,,,,
2023-04-14 11:18:02.900,48.78280740253626,11.476804482865886,,,,,,,,,,,
2023-04-14 11:18:03.000,48.782807891142944,11.476803514289562,,,48.782756,11.476788,871.5,48.782726,11.476835,463.5,48.782794,11.476806,871.5
2023-04-14 11:18:03.100,48.78280853663384,11.476802546159144,,,,,,,,,,,
2023-04-14 11:18:03.200,48.782809187312544,11.476801761735487,,,,,,,,,,,
2023-04-14 11:18:03.300,48.78280970234592,11.476800713683469,,,,,,,,,,,
2023-04-14 11:18:03.400,48.78281031003176,11.476799940397044,48.7827932,11.476843,,,,,,,,,
2023-04-14 11:18:03.500,48.7828109738382,11.476798973620904,,,,,,,,,,,
2023-04-14 11:18:03.600,48.782811473328,11.476798049600683,48.7827953,11.4768371,,,,,,,,,
2023-04-14 11:18:03.700,48.7828120334902,11.476797114856602,,,,,,,,,,,
2023-04-14 11:18:03.800,48.78281267256484,11.476796188087286,,,,,,,,,,,
2023-04-14 11:18:03.900,48.78281330440984,11.476795318196482,,,,,,,,,,,
2023-04-14 11:18:04.000,48.78281375779536,11.476794338479545,,,48.78276,11.476783,0.0,48.782722,11.476831,703.5,48.782798,11.476796,0.0
2023-04-14 11:18:04.100,48.78281423088667,11.476793228812252,,,,,,,,,,,
2023-04-14 11:18:04.200,48.78281471036187,11.476792320951889,,,,,,,,,,,
2023-04-14 11:18:04.300,48.78281529112056,11.476791330873777,,,,,,,,,,,
2023-04-14 11:18:04.400,48.78281570237058,11.47679041674207,,,,,,,,,,,
2023-04-14 11:18:04.500,48.78281617361896,11.476789403892846,,,,,,,,,,,
2023-04-14 11:18:04.600,48.78281660850389,11.47678848227912,48.7827999,11.4768245,,,,,,,,,
2023-04-14 11:18:04.700,48.78281708711791,11.476787538616795,,,,,,,,,,,
2023-04-14 11:18:04.800,48.78281749414834,11.476786567877795,,,,,,,,,,,
2023-04-14 11:18:04.900,48.78281794838518,11.476785713714106,,,,,,,,,,,
2023-04-14 11:18:05.000,48.78281831995409,11.476784746559169,,,48.782768,11.476781,124.5,48.78273,11.47683,1309.5,48.782806,11.476785,124.5
2023-04-14 11:18:05.100,48.78281869048489,11.476783786482756,,,,,,,,,,,
2023-04-14 11:18:05.200,48.78281910558929,11.476782995131025,,,,,,,,,,,
2023-04-14 11:18:05.300,48.78281947988062,11.476782563056084,,,,,,,,,,,
2023-04-14 11:18:05.400,48.782819771646366,11.4767816387708,,,,,,,,,,,
2023-04-14 11:18:05.500,48.78282015111034,11.476780545977906,,,,,,,,,,,
2023-04-14 11:18:05.600,48.78282039373079,11.476780159027044,48.782805,11.4768161,,,,,,,,,
2023-04-14 11:18:05.700,48.78282070026823,11.476779590460977,,,,,,,,,,,
2023-04-14 11:18:05.800,48.78282100791692,11.47677882454483,,,,,,,,,,,
2023-04-14 11:18:05.900,48.78282133353014,11.476778217727462,,,,,,,,,,,
2023-04-14 11:18:06.000,48.78282153635,11.476777516864274,,,48.782775,11.476779,209.6,48.782733,11.476818,134.2,48.78281,11.476777,209.6
2023-04-14 11:18:06.100,48.78282180394135,11.476776880613318,,,,,,,,,,,
2023-04-14 11:18:06.200,48.78282205645364,11.476776133875212,,,,,,,,,,,
2023-04-14 11:18:06.300,48.78282227647848,11.476775437772892,,,,,,,,,,,
2023-04-14 11:18:06.400,48.78282259715911,11.476774843336663,,,,,,,,,,,
2023-04-14 11:18:06.500,48.78282280738384,11.476774298922102,,,,,,,,,,,
2023-04-14 11:18:06.600,48.78282283693339,11.47677345042777,48.7828118,11.4768099,,,,,,,,,
2023-04-14 11:18:06.700,48.78282316463196,11.47677257917747,,,,,,,,,,,
2023-04-14 11:18:06.800,48.78282359619936,11.476771885818977,,,,,,,,,,,
2023-04-14 11:18:06.900,48.78282368797026,11.476771034775169,,,,,,,,,,,
2023-04-14 11:18:07.000,48.782823858536055,11.476770110504589,,,48.782779,11.476778,79.1,48.782737,11.476809,871.5,48.782814,11.476767,79.1
2023-04-14 11:18:07.100,48.78282430709334,11.47676927516693,,,,,,,,,,,
2023-04-14 11:18:07.200,48.78282454276694,11.47676831873525,,,,,,,,,,,
2023-04-14 11:18:07.300,48.78282478288192,11.476767257160748,,,,,,,,,,,
2023-04-14 11:18:07.400,48.78282501226358,11.476766153149493,,,,,,,,,,,
2023-04-14 11:18:07.500,48.78282528250271,11.47676498907722,,,,,,,,,,,
2023-04-14 11:18:07.600,48.78282551825668,11.476763838145326,48.782818,11.4768034,,,,,,,,,
2023-04-14 11:18:07.700,48.782825744582624,11.476762547697064,,,,,,,,,,,
2023-04-14 11:18:07.800,48.78282596345059,11.47676132554834,,,,,,,,,,,
2023-04-14 11:18:07.900,48.782826157269135,11.476760021438768,,,,,,,,,,,
2023-04-14 11:18:08.000,48.78282636914698,11.47675879557356,,,48.782783,11.476775,1012.5,48.782745,11.476796,0.0,48.782814,11.476755,1012.5
2023-04-14 11:18:08.100,48.782826522401386,11.476757465689785,,,,,,,,,,,
2023-04-14 11:18:08.200,48.78282659660542,11.47675618510089,,,,,,,,,,,
2023-04-14 11:18:08.300,48.78282668864923,11.476754850465676,48.7828216,11.4767841,,,,,,,,,
2023-04-14 11:18:08.400,48.78282679386485,11.476753491084454,,,,,,,,,,,
2023-04-14 11:18:08.500,48.78282685295218,11.476752137392118,,,,,,,,,,,
2023-04-14 11:18:08.600,48.78282686259417,11.4767507926959,,,,,,,,,,,
2023-04-14 11:18:08.700,48.78282683557701,11.476749416685376,,,,,,,,,,,
2023-04-14 11:18:08.800,48.78282679795301,11.476748067308153,,,,,,,,,,,
2023-04-14 11:18:08.900,48.78282664458488,11.476746735983884,,,,,,,,,,,
2023-04-14 11:18:09.000,48.78282652635546,11.476745389108377,,,48.782787,11.476766,279.0,48.782749,11.476799,124.5,48.782814,11.476738,279.0
2023-04-14 11:18:09.100,48.78282628900991,11.476744097474231,,,,,,,,,,,
2023-04-14 11:18:09.200,48.78282603400197,11.476742967456346,,,,,,,,,,,
2023-04-14 11:18:09.300,48.78282574357904,11.47674183978625,,,,,,,,,,,
2023-04-14 11:18:09.400,48.78282543750704,11.476740842683403,48.7828253,11.4767639,,,,,,,,,
2023-04-14 11:18:09.500,48.78282515003464,11.476739895823204,,,,,,,,,,,
2023-04-14 11:18:09.600,48.78282485363432,11.476739023779126,,,,,,,,,,,
2023-04-14 11:18:09.700,48.78282449562174,11.47673827436371,,,,,,,,,,,
2023-04-14 11:18:09.800,48.78282424601909,11.47673760016722,,,,,,,,,,,
2023-04-14 11:18:09.900,48.78282399333047,11.476737091252764,48.7828272,11.4767569,,,,,,,,,
2023-04-14 11:18:10.000,48.782823743812834,11.47673662341372,,,48.782787,11.476758,262.5,48.782752,11.476789,209.6,48.78281,11.476724,262.5
2023-04-14 11:18:10.100,48.78282352914152,11.476736252402109,,,,,,,,,,,
2023-04-14 11:18:10.200,48.78282334723998,11.476735958489442,,,,,,,,,,,
2023-04-14 11:18:10.300,48.78282315162751,11.476735744006373,,,,,,,,,,,
2023-04-14 11:18:10.400,48.78282304450372,11.476735568765625,48.7828282,11.4767507,,,,,,,,,
2023-04-14 11:18:10.500,48.78282294236783,11.476735427698092,,,,,,,,,,,
2023-04-14 11:18:10.600,48.78282286729826,11.476735319857944,,,,,,,,,,,
2023-04-14 11:18:10.700,48.78282287017267,11.476735383209569,,,,,,,,,,,
2023-04-14 11:18:10.800,48.78282289596355,11.476735330345456,,,,,,,,,,,
2023-04-14 11:18:10.900,48.78282287776639,11.476735357907437,,,,,,,,,,,
2023-04-14 11:18:11.000,48.78282288979904,11.476735325319794,48.7828288,11.4767439,48.782787,11.476757,267.0,48.78276,11.476782,79.1,48.782802,11.476717,267.0
2023-04-14 11:18:11.100,48.78282289998535,11.476735335311194,,,,,,,,,,,
2023-04-14 11:18:11.200,48.78282288776679,11.476735351528708,,,,,,,,,,,
2023-04-14 11:18:11.300,48.78282288024752,11.476735366493644,,,,,,,,,,,
2023-04-14 11:18:11.400,48.782822901641175,11.476735367198875,,,,,,,,,,,
2023-04-14 11:18:11.500,48.78282290611662,11.476735361473668,48.7828283,11.4767391,,,,,,,,,
2023-04-14 11:18:11.600,48.782822903829455,11.476735372386509,,,,,,,,,,,
2023-04-14 11:18:11.700,48.782822895421326,11.476735372423711,,,,,,,,,,,
2023-04-14 11:18:11.800,48.78282288520524,11.476735354543148,,,,,,,,,,,
2023-04-14 11:18:11.900,48.7828229027869,11.476735372511325,,,,,,,,,,,
2023-04-14 11:18:12.000,48.782822887602464,11.476735358470842,,,48.782787,11.476754,0.0,48.782764,11.476771,1012.5,48.782802,11.476716,0.0
2023-04-14 11:18:12.100,48.78282288848082,11.476735369812785,48.7828273,11.476733,,,,,,,,,
2023-04-14 11:18:12.200,48.782822891334256,11.47673538408104,,,,,,,,,,,
2023-04-14 11:18:12.300,48.78282289096185,11.476735353571891,,,,,,,,,,,
2023-04-14 11:18:12.400,48.78282291212122,11.476735374924557,,,,,,,,,,,
2023-04-14 11:18:12.500,48.78282289922776,11.476735373840713,,,,,,,,,,,
2023-04-14 11:18:12.600,48.78282291955213,11.476735391793492,48.7828255,11.476729,,,,,,,,,
2023-04-14 11:18:12.700,48.78282291627389,11.476735378134132,,,,,,,,,,,
2023-04-14 11:18:12.800,48.7828229318687,11.476735363097664,,,,,,,,,,,
2023-04-14 11:18:12.900,48.78282293376096,11.47673537028564,,,,,,,,,,,
2023-04-14 11:18:13.000,48.7828229252634,11.476735392602246,,,48.782787,11.476755,0.0,48.782764,11.476764,279.0,48.782802,11.476716,0.0
2023-04-14 11:18:13.100,48.782822908337046,11.476735375964523,48.7828235,11.4767221,,,,,,,,,
2023-04-14 11:18:13.200,48.78282292332331,11.47673537708878,,,,,,,,,,,
2023-04-14 11:18:13.300,48.78282291994294,11.47673537707973,,,,,,,,,,,
2023-04-14 11:18:13.400,48.78282290123626,11.476735392788044,,,,,,,,,,,
2023-04-14 11:18:13.500,48.78282289849533,11.476735403503412,,,,,,,,,,,
2023-04-14 11:18:13.600,48.78282291279757,11.476735408405355,,,,,,,,,,,
2023-04-14 11:18:13.700,48.782822915058055,11.476735385328116,48.7828209,11.4767216,,,,,,,,,
2023-04-14 11:18:13.800,48.78282291136659,11.476735390815508,,,,,,,,,,,
2023-04-14 11:18:13.900,48.782822925110096,11.476735391292728,,,,,,,,,,,
2023-04-14 11:18:14.000,48.7828229081743,11.47673541124541,,,48.782787,11.476755,0.0,48.782768,11.476756,262.5,48.782802,11.476717,0.0
2023-04-14 11:18:14.100,48.78282291698321,11.47673539501212,,,,,,,,,,,
2023-04-14 11:18:14.200,48.7828229201923,11.47673538778558,48.7828187,11.4767156,,,,,,,,,
2023-04-14 11:18:14.300,48.78282291827396,11.476735397636176,,,,,,,,,,,
2023-04-14 11:18:14.400,48.78282291304633,11.476735389423844,,,,,,,,,,,
2023-04-14 11:18:14.500,48.78282290814295,11.476735397233632,,,,,,,,,,,
2023-04-14 11:18:14.600,48.78282290913061,11.476735389520162,,,,,,,,,,,
2023-04-14 11:18:14.700,48.78282290549173,11.47673539395254,,,,,,,,,,,
2023-04-14 11:18:14.800,48.78282290586918,11.476735400347028,,,,,,,,,,,
2023-04-14 11:18:14.900,48.7828229143494,11.476735387459916,,,,,,,,,,,
2023-04-14 11:18:15.000,48.78282291742912,11.476735389560918,,,48.782787,11.476754,0.0,48.782772,11.47675,267.0,48.782802,11.476718,0.0
2023-04-14 11:18:15.100,48.78282290918372,11.476735382611375,,,,,,,,,,,
2023-04-14 11:18:15.200,48.782822922294265,11.476735383852349,,,,,,,,,,,
2023-04-14 11:18:15.300,48.78282292617431,11.476735385034296,48.7828175,11.4767128,,,,,,,,,
2023-04-14 11:18:15.400,48.78282291088962,11.476735386229937,,,,,,,,,,,
2023-04-14 11:18:15.500,48.7828229116243,11.476735374881205,,,,,,,,,,,
2023-04-14 11:18:15.600,48.78282291159295,11.476735384069157,,,,,,,,,,,
2023-04-14 11:18:15.700,48.78282291074325,11.476735383917722,,,,,,,,,,,
2023-04-14 11:18:15.800,48.78282290758706,11.476735380653464,,,,,,,,,,,
2023-04-14 11:18:15.900,48.78282291116701,11.476735380890103,,,,,,,,,,,
2023-04-14 11:18:16.000,48.782822912004505,11.476735380238653,,,48.782783,11.476752,0.0,48.782775,11.476748,0.0,48.782802,11.476719,0.0
2023-04-14 11:18:16.100,48.78282290620034,11.476735362504613,,,,,,,,,,,
2023-04-14 11:18:16.200,48.782822885198605,11.476735402074846,,,,,,,,,,,
2023-04-14 11:18:16.300,48.78282289285574,11.476735403202882,48.7828181,11.4767116,,,,,,,,,
2023-04-14 11:18:16.400,48.782822899747465,11.476735404526424,,,,,,,,,,,
2023-04-14 11:18:16.500,48.78282288967189,11.476735409120208,,,,,,,,,,,
2023-04-14 11:18:16.600,48.78282290016666,11.476735401304555,,,,,,,,,,,
2023-04-14 11:18:16.700,48.7828228959844,11.47673539957161,,,,,,,,,,,
2023-04-14 11:18:16.800,48.78282288699752,11.476735402720823,,,,,,,,,,,
2023-04-14 11:18:16.900,48.78282289868261,11.47673540208625,,,,,,,,,,,
2023-04-14 11:18:17.000,48.78282290057545,11.476735402542191,,,48.782783,11.476752,0.0,48.782779,11.476747,0.0,48.782802,11.476719,0.0
2023-04-14 11:18:17.100,48.782822897265945,11.476735411886326,,,,,,,,,,,
2023-04-14 11:18:17.200,48.782822890186814,11.476735407594848,,,,,,,,,,,
2023-04-14 11:18:17.300,48.782822910097536,11.476735419395926,,,,,,,,,,,
